{
    "total_runtime": 142.38920760154724,
    "num_documents": 1,
    "input_load_time": 0,
    "workflows": {
        "create_base_text_units": {
            "overall": 0.36628079414367676,
            "0_orderby": 0.012932062149047852,
            "1_zip": 0.005997896194458008,
            "2_aggregate_override": 0.015098333358764648,
            "3_chunk": 0.249281644821167,
            "4_select": 0.00672459602355957,
            "5_unroll": 0.01124429702758789,
            "6_rename": 0.008003473281860352,
            "7_genid": 0.008995294570922852,
            "8_unzip": 0.008002758026123047,
            "9_copy": 0.005002260208129883,
            "10_filter": 0.029003381729125977
        },
        "create_base_extracted_entities": {
            "overall": 95.52816581726074,
            "0_entity_extract": 95.47777080535889,
            "1_merge_graphs": 0.04539370536804199
        },
        "create_summarized_entities": {
            "overall": 5.6572229862213135,
            "0_summarize_descriptions": 5.6522376537323
        },
        "create_base_entity_graph": {
            "overall": 0.16047120094299316,
            "0_cluster_graph": 0.1505265235900879,
            "1_select": 0.004944324493408203
        },
        "create_final_entities": {
            "overall": 2.3432343006134033,
            "0_unpack_graph": 0.04677915573120117,
            "1_rename": 0.006058692932128906,
            "2_select": 0.005978107452392578,
            "3_dedupe": 0.007958412170410156,
            "4_rename": 0.0060083866119384766,
            "5_filter": 0.025039196014404297,
            "6_text_split": 0.01099848747253418,
            "7_drop": 0.008002758026123047,
            "8_merge": 0.06008720397949219,
            "9_text_embed": 2.131016254425049,
            "10_drop": 0.00836491584777832,
            "11_filter": 0.021019697189331055
        },
        "create_final_nodes": {
            "overall": 0.597632646560669,
            "0_layout_graph": 0.18236279487609863,
            "1_unpack_graph": 0.05299973487854004,
            "2_unpack_graph": 0.2050023078918457,
            "3_filter": 0.02852320671081543,
            "4_drop": 0.009201765060424805,
            "5_select": 0.01021718978881836,
            "6_rename": 0.009004354476928711,
            "7_convert": 0.054079532623291016,
            "8_join": 0.027231931686401367,
            "9_rename": 0.01100468635559082
        },
        "create_final_communities": {
            "overall": 0.399916410446167,
            "0_unpack_graph": 0.05337643623352051,
            "1_unpack_graph": 0.04799985885620117,
            "2_aggregate_override": 0.021843910217285156,
            "3_join": 0.01843881607055664,
            "4_join": 0.018018245697021484,
            "5_concat": 0.01299905776977539,
            "6_filter": 0.09900736808776855,
            "7_aggregate_override": 0.016899585723876953,
            "8_join": 0.015173673629760742,
            "9_filter": 0.02725529670715332,
            "10_fill": 0.01293635368347168,
            "11_merge": 0.019029617309570312,
            "12_copy": 0.012990951538085938,
            "13_select": 0.014008522033691406
        },
        "join_text_units_to_entity_ids": {
            "overall": 0.05438828468322754,
            "0_select": 0.012695074081420898,
            "1_unroll": 0.014131307601928711,
            "2_aggregate_override": 0.015362024307250977
        },
        "create_final_relationships": {
            "overall": 0.25230956077575684,
            "0_unpack_graph": 0.05901312828063965,
            "1_filter": 0.039128780364990234,
            "2_rename": 0.015999794006347656,
            "3_filter": 0.03950023651123047,
            "4_drop": 0.014992237091064453,
            "5_compute_edge_combined_degree": 0.02390766143798828,
            "6_convert": 0.03062129020690918,
            "7_convert": 0.014146804809570312
        },
        "join_text_units_to_relationship_ids": {
            "overall": 0.08275389671325684,
            "0_select": 0.015724658966064453,
            "1_unroll": 0.015999555587768555,
            "2_aggregate_override": 0.019284486770629883,
            "3_select": 0.015007257461547852
        },
        "create_final_community_reports": {
            "overall": 33.38738298416138,
            "0_prepare_community_reports_nodes": 0.02602076530456543,
            "1_prepare_community_reports_edges": 0.020982980728149414,
            "2_restore_community_hierarchy": 0.021372079849243164,
            "3_prepare_community_reports": 0.22444558143615723,
            "4_create_community_reports": 33.05897307395935,
            "5_window": 0.01796865463256836
        },
        "create_final_text_units": {
            "overall": 0.1406559944152832,
            "0_select": 0.017574548721313477,
            "1_rename": 0.018012046813964844,
            "2_join": 0.023082733154296875,
            "3_join": 0.023006439208984375,
            "4_aggregate_override": 0.023995161056518555,
            "5_select": 0.018410682678222656
        },
        "create_base_documents": {
            "overall": 0.24055790901184082,
            "0_unroll": 0.02100229263305664,
            "1_select": 0.02099919319152832,
            "2_rename": 0.021008968353271484,
            "3_join": 0.02415752410888672,
            "4_aggregate_override": 0.03457307815551758,
            "5_join": 0.03716754913330078,
            "6_rename": 0.01963639259338379,
            "7_convert": 0.04302668571472168
        },
        "create_final_documents": {
            "overall": 0.04174041748046875,
            "0_rename": 0.020346879959106445
        }
    }
}