{
    "total_runtime": 132.62165760993958,
    "num_documents": 16,
    "input_load_time": 0,
    "workflows": {
        "create_base_text_units": {
            "overall": 0.28203320503234863,
            "0_orderby": 0.003001689910888672,
            "1_zip": 0.004006862640380859,
            "2_aggregate_override": 0.0049915313720703125,
            "3_chunk": 0.2280285358428955,
            "4_select": 0.003999471664428711,
            "5_unroll": 0.004000186920166016,
            "6_rename": 0.0030007362365722656,
            "7_genid": 0.006998777389526367,
            "8_unzip": 0.004001617431640625,
            "9_copy": 0.0029981136322021484,
            "10_filter": 0.015001773834228516
        },
        "create_base_extracted_entities": {
            "overall": 69.13544201850891,
            "0_entity_extract": 69.08344721794128,
            "1_merge_graphs": 0.04700016975402832
        },
        "create_summarized_entities": {
            "overall": 3.3969099521636963,
            "0_summarize_descriptions": 3.3919107913970947
        },
        "create_base_entity_graph": {
            "overall": 0.20943880081176758,
            "0_cluster_graph": 0.19750022888183594,
            "1_select": 0.006001710891723633
        },
        "create_final_entities": {
            "overall": 1.6223886013031006,
            "0_unpack_graph": 0.06800174713134766,
            "1_rename": 0.00699925422668457,
            "2_select": 0.005918979644775391,
            "3_dedupe": 0.007088184356689453,
            "4_rename": 0.0059986114501953125,
            "5_filter": 0.01901555061340332,
            "6_text_split": 0.011948823928833008,
            "7_drop": 0.006999492645263672,
            "8_merge": 0.060991764068603516,
            "9_text_embed": 1.3933191299438477,
            "10_drop": 0.00877833366394043,
            "11_filter": 0.021345853805541992
        },
        "create_final_nodes": {
            "overall": 0.7764797210693359,
            "0_layout_graph": 0.45804405212402344,
            "1_unpack_graph": 0.09310173988342285,
            "2_unpack_graph": 0.09214282035827637,
            "3_filter": 0.03800797462463379,
            "4_drop": 0.00999903678894043,
            "5_select": 0.009971380233764648,
            "6_rename": 0.010000228881835938,
            "7_convert": 0.0312504768371582,
            "8_join": 0.015996217727661133,
            "9_rename": 0.009992122650146484
        },
        "create_final_communities": {
            "overall": 0.538031816482544,
            "0_unpack_graph": 0.07500123977661133,
            "1_unpack_graph": 0.07543706893920898,
            "2_aggregate_override": 0.012397527694702148,
            "3_join": 0.018813371658325195,
            "4_join": 0.019530057907104492,
            "5_concat": 0.012847900390625,
            "6_filter": 0.19209885597229004,
            "7_aggregate_override": 0.018059253692626953,
            "8_join": 0.015946388244628906,
            "9_filter": 0.02789926528930664,
            "10_fill": 0.011998176574707031,
            "11_merge": 0.020001888275146484,
            "12_copy": 0.012992620468139648,
            "13_select": 0.014009475708007812
        },
        "join_text_units_to_entity_ids": {
            "overall": 0.05672192573547363,
            "0_select": 0.012602090835571289,
            "1_unroll": 0.01334524154663086,
            "2_aggregate_override": 0.01663374900817871
        },
        "create_final_relationships": {
            "overall": 0.27689576148986816,
            "0_unpack_graph": 0.07992696762084961,
            "1_filter": 0.042276859283447266,
            "2_rename": 0.0139923095703125,
            "3_filter": 0.04502463340759277,
            "4_drop": 0.015992164611816406,
            "5_compute_edge_combined_degree": 0.018001317977905273,
            "6_convert": 0.03137040138244629,
            "7_convert": 0.017070770263671875
        },
        "join_text_units_to_relationship_ids": {
            "overall": 0.08151483535766602,
            "0_select": 0.015006303787231445,
            "1_unroll": 0.016159534454345703,
            "2_aggregate_override": 0.01899886131286621,
            "3_select": 0.016437292098999023
        },
        "create_final_community_reports": {
            "overall": 52.79978013038635,
            "0_prepare_community_reports_nodes": 0.034999847412109375,
            "1_prepare_community_reports_edges": 0.02212238311767578,
            "2_restore_community_hierarchy": 0.022572994232177734,
            "3_prepare_community_reports": 0.23364949226379395,
            "4_create_community_reports": 52.4520468711853,
            "5_window": 0.017366647720336914
        },
        "create_final_text_units": {
            "overall": 0.14176678657531738,
            "0_select": 0.017042875289916992,
            "1_rename": 0.01718449592590332,
            "2_join": 0.02666640281677246,
            "3_join": 0.02234816551208496,
            "4_aggregate_override": 0.020941495895385742,
            "5_select": 0.019385814666748047
        },
        "create_base_documents": {
            "overall": 0.2712578773498535,
            "0_unroll": 0.020533323287963867,
            "1_select": 0.03199434280395508,
            "2_rename": 0.029998302459716797,
            "3_join": 0.023999929428100586,
            "4_aggregate_override": 0.022015094757080078,
            "5_join": 0.030985593795776367,
            "6_rename": 0.029071807861328125,
            "7_convert": 0.06223702430725098
        },
        "create_final_documents": {
            "overall": 0.0414426326751709,
            "0_rename": 0.02043437957763672
        }
    }
}