{
    "total_runtime": 57.54889798164368,
    "num_documents": 14,
    "input_load_time": 0,
    "workflows": {
        "create_base_text_units": {
            "overall": 0.22870302200317383,
            "0_orderby": 0.003004312515258789,
            "1_zip": 0.0019958019256591797,
            "2_aggregate_override": 0.004992485046386719,
            "3_chunk": 0.18044638633728027,
            "4_select": 0.003989696502685547,
            "5_unroll": 0.004007577896118164,
            "6_rename": 0.0032465457916259766,
            "7_genid": 0.005018711090087891,
            "8_unzip": 0.003991365432739258,
            "9_copy": 0.003999948501586914,
            "10_filter": 0.012010335922241211
        },
        "create_base_extracted_entities": {
            "overall": 11.095293998718262,
            "0_entity_extract": 11.043867111206055,
            "1_merge_graphs": 0.04700946807861328
        },
        "create_summarized_entities": {
            "overall": 2.663774251937866,
            "0_summarize_descriptions": 2.658773899078369
        },
        "create_base_entity_graph": {
            "overall": 0.15929341316223145,
            "0_cluster_graph": 0.14935064315795898,
            "1_select": 0.0050046443939208984
        },
        "create_final_entities": {
            "overall": 1.805464744567871,
            "0_unpack_graph": 0.05332803726196289,
            "1_rename": 0.0070035457611083984,
            "2_select": 0.006864070892333984,
            "3_dedupe": 0.007993698120117188,
            "4_rename": 0.006007194519042969,
            "5_filter": 0.019496440887451172,
            "6_text_split": 0.011960029602050781,
            "7_drop": 0.014992237091064453,
            "8_merge": 0.060004472732543945,
            "9_text_embed": 1.5792236328125,
            "10_drop": 0.008996963500976562,
            "11_filter": 0.022689104080200195
        },
        "create_final_nodes": {
            "overall": 0.6306045055389404,
            "0_layout_graph": 0.2225785255432129,
            "1_unpack_graph": 0.21776509284973145,
            "2_unpack_graph": 0.062261343002319336,
            "3_drop": 0.008620738983154297,
            "4_filter": 0.033013105392456055,
            "5_select": 0.009992122650146484,
            "6_rename": 0.010001182556152344,
            "7_convert": 0.03133678436279297,
            "8_join": 0.016040563583374023,
            "9_rename": 0.010996580123901367
        },
        "create_final_communities": {
            "overall": 0.43677687644958496,
            "0_unpack_graph": 0.06200671195983887,
            "1_unpack_graph": 0.056000471115112305,
            "2_aggregate_override": 0.011999845504760742,
            "3_join": 0.018056392669677734,
            "4_join": 0.016706466674804688,
            "5_concat": 0.013000249862670898,
            "6_filter": 0.11628103256225586,
            "7_aggregate_override": 0.02857232093811035,
            "8_join": 0.017030000686645508,
            "9_filter": 0.028794288635253906,
            "10_fill": 0.0119171142578125,
            "11_merge": 0.02000737190246582,
            "12_copy": 0.012993335723876953,
            "13_select": 0.013425350189208984
        },
        "join_text_units_to_entity_ids": {
            "overall": 0.05714130401611328,
            "0_select": 0.013002395629882812,
            "1_unroll": 0.014002084732055664,
            "2_aggregate_override": 0.01713848114013672
        },
        "create_final_relationships": {
            "overall": 0.24887347221374512,
            "0_unpack_graph": 0.05701279640197754,
            "1_filter": 0.0395655632019043,
            "2_rename": 0.015006542205810547,
            "3_filter": 0.042562007904052734,
            "4_drop": 0.015054941177368164,
            "5_compute_edge_combined_degree": 0.01800704002380371,
            "6_convert": 0.031598806381225586,
            "7_convert": 0.0160367488861084
        },
        "join_text_units_to_relationship_ids": {
            "overall": 0.0858604907989502,
            "0_select": 0.015680313110351562,
            "1_unroll": 0.018236398696899414,
            "2_aggregate_override": 0.01908707618713379,
            "3_select": 0.01678156852722168
        },
        "create_final_community_reports": {
            "overall": 36.380428314208984,
            "0_prepare_community_reports_nodes": 0.026999950408935547,
            "1_prepare_community_reports_edges": 0.02101421356201172,
            "2_restore_community_hierarchy": 0.02260565757751465,
            "3_prepare_community_reports": 0.20671391487121582,
            "4_create_community_reports": 36.066808223724365,
            "5_window": 0.020289182662963867
        },
        "create_final_text_units": {
            "overall": 0.17666053771972656,
            "0_select": 0.0189971923828125,
            "1_rename": 0.01899099349975586,
            "2_join": 0.032525062561035156,
            "3_join": 0.04400062561035156,
            "4_aggregate_override": 0.02300739288330078,
            "5_select": 0.02006697654724121
        },
        "create_base_documents": {
            "overall": 0.32192444801330566,
            "0_unroll": 0.031862497329711914,
            "1_select": 0.029001235961914062,
            "2_rename": 0.030004262924194336,
            "3_join": 0.04599404335021973,
            "4_aggregate_override": 0.02302837371826172,
            "5_join": 0.030942678451538086,
            "6_rename": 0.01900029182434082,
            "7_convert": 0.09109258651733398
        },
        "create_final_documents": {
            "overall": 0.05293774604797363,
            "0_rename": 0.025939464569091797
        }
    }
}