{
    "total_runtime": 51.506542921066284,
    "num_documents": 9,
    "input_load_time": 0,
    "workflows": {
        "create_base_text_units": {
            "overall": 0.22864818572998047,
            "0_orderby": 0.0030117034912109375,
            "1_zip": 0.0019884109497070312,
            "2_aggregate_override": 0.005000591278076172,
            "3_chunk": 0.17589712142944336,
            "4_select": 0.0031948089599609375,
            "5_unroll": 0.0050144195556640625,
            "6_rename": 0.0035021305084228516,
            "7_genid": 0.0050144195556640625,
            "8_unzip": 0.0049915313720703125,
            "9_copy": 0.003998756408691406,
            "10_filter": 0.014041900634765625
        },
        "create_base_extracted_entities": {
            "overall": 0.15831255912780762,
            "0_entity_extract": 0.1233060359954834,
            "1_merge_graphs": 0.031006336212158203
        },
        "create_summarized_entities": {
            "overall": 2.8419206142425537,
            "0_summarize_descriptions": 2.833937406539917
        },
        "create_base_entity_graph": {
            "overall": 0.13599705696105957,
            "0_cluster_graph": 0.1239933967590332,
            "1_select": 0.006006479263305664
        },
        "create_final_entities": {
            "overall": 1.3601231575012207,
            "0_unpack_graph": 0.034854888916015625,
            "1_rename": 0.0060329437255859375,
            "2_select": 0.01090693473815918,
            "3_dedupe": 0.009999752044677734,
            "4_rename": 0.00782155990600586,
            "5_filter": 0.021788835525512695,
            "6_text_split": 0.015060663223266602,
            "7_drop": 0.011144161224365234,
            "8_merge": 0.05200695991516113,
            "9_text_embed": 1.1425855159759521,
            "10_drop": 0.016925573348999023,
            "11_filter": 0.02499675750732422
        },
        "create_final_nodes": {
            "overall": 0.5001788139343262,
            "0_layout_graph": 0.21190595626831055,
            "1_unpack_graph": 0.05130720138549805,
            "2_unpack_graph": 0.0569915771484375,
            "3_filter": 0.06507468223571777,
            "4_drop": 0.007989883422851562,
            "5_select": 0.009707450866699219,
            "6_rename": 0.01004934310913086,
            "7_join": 0.016161441802978516,
            "8_convert": 0.03600573539733887,
            "9_rename": 0.015000581741333008
        },
        "create_final_communities": {
            "overall": 0.40786194801330566,
            "0_unpack_graph": 0.04421210289001465,
            "1_unpack_graph": 0.046355485916137695,
            "2_aggregate_override": 0.018026113510131836,
            "3_join": 0.025983810424804688,
            "4_join": 0.02015399932861328,
            "5_concat": 0.011999368667602539,
            "6_filter": 0.08112478256225586,
            "7_aggregate_override": 0.01600360870361328,
            "8_join": 0.015000104904174805,
            "9_filter": 0.03394007682800293,
            "10_fill": 0.016995668411254883,
            "11_merge": 0.02808380126953125,
            "12_copy": 0.0190122127532959,
            "13_select": 0.012939929962158203
        },
        "join_text_units_to_entity_ids": {
            "overall": 0.06599664688110352,
            "0_select": 0.013992547988891602,
            "1_unroll": 0.01599860191345215,
            "2_aggregate_override": 0.019008159637451172
        },
        "create_final_relationships": {
            "overall": 0.31575775146484375,
            "0_unpack_graph": 0.047998905181884766,
            "1_filter": 0.05252671241760254,
            "2_rename": 0.017466068267822266,
            "3_filter": 0.0679776668548584,
            "4_drop": 0.01899862289428711,
            "5_compute_edge_combined_degree": 0.04285025596618652,
            "6_convert": 0.032564401626586914,
            "7_convert": 0.021366596221923828
        },
        "join_text_units_to_relationship_ids": {
            "overall": 0.09499764442443848,
            "0_select": 0.015999555587768555,
            "1_unroll": 0.023998737335205078,
            "2_aggregate_override": 0.019008636474609375,
            "3_select": 0.016991138458251953
        },
        "create_final_community_reports": {
            "overall": 41.55006432533264,
            "0_prepare_community_reports_nodes": 0.028050899505615234,
            "1_prepare_community_reports_edges": 0.027962923049926758,
            "2_restore_community_hierarchy": 0.020038366317749023,
            "3_prepare_community_reports": 0.17731308937072754,
            "4_create_community_reports": 41.24714994430542,
            "5_window": 0.023608922958374023
        },
        "create_final_text_units": {
            "overall": 0.21373534202575684,
            "0_select": 0.033158063888549805,
            "1_rename": 0.01894378662109375,
            "2_join": 0.03500699996948242,
            "3_join": 0.02100086212158203,
            "4_aggregate_override": 0.03299975395202637,
            "5_select": 0.03099966049194336
        },
        "create_base_documents": {
            "overall": 0.2679619789123535,
            "0_unroll": 0.023006200790405273,
            "1_select": 0.0320589542388916,
            "2_rename": 0.034949302673339844,
            "3_join": 0.024994611740112305,
            "4_aggregate_override": 0.021034955978393555,
            "5_join": 0.02500152587890625,
            "6_rename": 0.02130603790283203,
            "7_convert": 0.06661128997802734
        },
        "create_final_documents": {
            "overall": 0.044899702072143555,
            "0_rename": 0.0219724178314209
        }
    }
}