{
    "total_runtime": 75.38736915588379,
    "num_documents": 10,
    "input_load_time": 0,
    "workflows": {
        "create_base_text_units": {
            "overall": 0.22627925872802734,
            "0_orderby": 0.0036673545837402344,
            "1_zip": 0.002802133560180664,
            "2_aggregate_override": 0.0051424503326416016,
            "3_chunk": 0.17465829849243164,
            "4_select": 0.004085540771484375,
            "5_unroll": 0.004894733428955078,
            "6_rename": 0.0029234886169433594,
            "7_genid": 0.005009174346923828,
            "8_unzip": 0.003988504409790039,
            "9_copy": 0.004008054733276367,
            "10_filter": 0.01199197769165039
        },
        "create_base_extracted_entities": {
            "overall": 24.790968894958496,
            "0_entity_extract": 24.75295925140381,
            "1_merge_graphs": 0.032002925872802734
        },
        "create_summarized_entities": {
            "overall": 3.194416046142578,
            "0_summarize_descriptions": 3.1894171237945557
        },
        "create_base_entity_graph": {
            "overall": 0.1274247169494629,
            "0_cluster_graph": 0.11635088920593262,
            "1_select": 0.006007194519042969
        },
        "create_final_entities": {
            "overall": 1.280574083328247,
            "0_unpack_graph": 0.0399935245513916,
            "1_rename": 0.007012367248535156,
            "2_select": 0.0069887638092041016,
            "3_dedupe": 0.007089853286743164,
            "4_rename": 0.007004499435424805,
            "5_filter": 0.020000457763671875,
            "6_text_split": 0.009716272354125977,
            "7_drop": 0.008166074752807617,
            "8_merge": 0.04301333427429199,
            "9_text_embed": 1.09364652633667,
            "10_drop": 0.009938716888427734,
            "11_filter": 0.021999597549438477
        },
        "create_final_nodes": {
            "overall": 0.35721635818481445,
            "0_layout_graph": 0.1429893970489502,
            "1_unpack_graph": 0.0420074462890625,
            "2_unpack_graph": 0.04599142074584961,
            "3_filter": 0.028783798217773438,
            "4_drop": 0.010009527206420898,
            "5_select": 0.008991479873657227,
            "6_rename": 0.010001659393310547,
            "7_convert": 0.034061431884765625,
            "8_join": 0.015367507934570312,
            "9_rename": 0.011285781860351562
        },
        "create_final_communities": {
            "overall": 0.362682580947876,
            "0_unpack_graph": 0.0430755615234375,
            "1_unpack_graph": 0.0408780574798584,
            "2_aggregate_override": 0.013180255889892578,
            "3_join": 0.016999483108520508,
            "4_join": 0.01684880256652832,
            "5_concat": 0.010062694549560547,
            "6_filter": 0.09494447708129883,
            "7_aggregate_override": 0.016747236251831055,
            "8_join": 0.014946699142456055,
            "9_filter": 0.028991222381591797,
            "10_fill": 0.012015342712402344,
            "11_merge": 0.01698446273803711,
            "12_copy": 0.013025283813476562,
            "13_select": 0.013984203338623047
        },
        "join_text_units_to_entity_ids": {
            "overall": 0.056275129318237305,
            "0_select": 0.013370037078857422,
            "1_unroll": 0.014133214950561523,
            "2_aggregate_override": 0.014999151229858398
        },
        "create_final_relationships": {
            "overall": 0.234572172164917,
            "0_unpack_graph": 0.04301261901855469,
            "1_filter": 0.0394899845123291,
            "2_rename": 0.014989614486694336,
            "3_filter": 0.03952455520629883,
            "4_drop": 0.01596546173095703,
            "5_compute_edge_combined_degree": 0.01900649070739746,
            "6_convert": 0.03286433219909668,
            "7_convert": 0.01654505729675293
        },
        "join_text_units_to_relationship_ids": {
            "overall": 0.0968625545501709,
            "0_select": 0.024079084396362305,
            "1_unroll": 0.019994258880615234,
            "2_aggregate_override": 0.020929336547851562,
            "3_select": 0.016827821731567383
        },
        "create_final_community_reports": {
            "overall": 40.96906495094299,
            "0_prepare_community_reports_nodes": 0.02557969093322754,
            "1_prepare_community_reports_edges": 0.02300739288330078,
            "2_restore_community_hierarchy": 0.021999597549438477,
            "3_prepare_community_reports": 0.14099955558776855,
            "4_create_community_reports": 40.682541847229004,
            "5_window": 0.05193662643432617
        },
        "create_final_text_units": {
            "overall": 0.18920350074768066,
            "0_select": 0.01636648178100586,
            "1_rename": 0.04802131652832031,
            "2_join": 0.024903059005737305,
            "3_join": 0.027072429656982422,
            "4_aggregate_override": 0.02293109893798828,
            "5_select": 0.017991304397583008
        },
        "create_base_documents": {
            "overall": 0.36608099937438965,
            "0_unroll": 0.037960052490234375,
            "1_select": 0.018949270248413086,
            "2_rename": 0.021042346954345703,
            "3_join": 0.03199362754821777,
            "4_aggregate_override": 0.041132211685180664,
            "5_join": 0.043448686599731445,
            "6_rename": 0.021000385284423828,
            "7_convert": 0.10669803619384766
        },
        "create_final_documents": {
            "overall": 0.05194091796875,
            "0_rename": 0.019919872283935547
        }
    }
}