{
    "total_runtime": 111.07791686058044,
    "num_documents": 15,
    "input_load_time": 0,
    "workflows": {
        "create_base_text_units": {
            "overall": 0.26116156578063965,
            "0_orderby": 0.0020499229431152344,
            "1_zip": 0.002026081085205078,
            "2_aggregate_override": 0.00493931770324707,
            "3_chunk": 0.21061968803405762,
            "4_select": 0.004000186920166016,
            "5_unroll": 0.004366397857666016,
            "6_rename": 0.003977060317993164,
            "7_genid": 0.004993438720703125,
            "8_unzip": 0.005063533782958984,
            "9_copy": 0.0039103031158447266,
            "10_filter": 0.013074398040771484
        },
        "create_base_extracted_entities": {
            "overall": 62.19485378265381,
            "0_entity_extract": 62.13987731933594,
            "1_merge_graphs": 0.05098700523376465
        },
        "create_summarized_entities": {
            "overall": 3.2959465980529785,
            "0_summarize_descriptions": 3.2909505367279053
        },
        "create_base_entity_graph": {
            "overall": 0.16505146026611328,
            "0_cluster_graph": 0.1540391445159912,
            "1_select": 0.006005287170410156
        },
        "create_final_entities": {
            "overall": 1.4728879928588867,
            "0_unpack_graph": 0.05048394203186035,
            "1_rename": 0.006896495819091797,
            "2_select": 0.0068645477294921875,
            "3_dedupe": 0.00699925422668457,
            "4_rename": 0.006228208541870117,
            "5_filter": 0.01807117462158203,
            "6_text_split": 0.012933492660522461,
            "7_drop": 0.007636308670043945,
            "8_merge": 0.05698442459106445,
            "9_text_embed": 1.2633562088012695,
            "10_drop": 0.00823521614074707,
            "11_filter": 0.022310256958007812
        },
        "create_final_nodes": {
            "overall": 0.6107697486877441,
            "0_layout_graph": 0.19970321655273438,
            "1_unpack_graph": 0.21059894561767578,
            "2_unpack_graph": 0.06297755241394043,
            "3_filter": 0.030492782592773438,
            "4_drop": 0.010934114456176758,
            "5_select": 0.010009765625,
            "6_rename": 0.00998830795288086,
            "7_join": 0.01600503921508789,
            "8_convert": 0.03899884223937988,
            "9_rename": 0.012997865676879883
        },
        "create_final_communities": {
            "overall": 0.4258410930633545,
            "0_unpack_graph": 0.061016082763671875,
            "1_unpack_graph": 0.05500078201293945,
            "2_aggregate_override": 0.012005805969238281,
            "3_join": 0.01699376106262207,
            "4_join": 0.018272876739501953,
            "5_concat": 0.011936187744140625,
            "6_filter": 0.12132525444030762,
            "7_aggregate_override": 0.016999483108520508,
            "8_join": 0.01540231704711914,
            "9_filter": 0.028564453125,
            "10_fill": 0.011999130249023438,
            "11_merge": 0.018999814987182617,
            "12_copy": 0.013007640838623047,
            "13_select": 0.011989831924438477
        },
        "join_text_units_to_entity_ids": {
            "overall": 0.05831146240234375,
            "0_select": 0.013005256652832031,
            "1_unroll": 0.015300273895263672,
            "2_aggregate_override": 0.0169980525970459
        },
        "create_final_relationships": {
            "overall": 0.27059078216552734,
            "0_unpack_graph": 0.07690691947937012,
            "1_filter": 0.04034066200256348,
            "2_rename": 0.015001296997070312,
            "3_filter": 0.04132986068725586,
            "4_drop": 0.015997886657714844,
            "5_compute_edge_combined_degree": 0.017906904220581055,
            "6_convert": 0.031998395919799805,
            "7_convert": 0.017002105712890625
        },
        "join_text_units_to_relationship_ids": {
            "overall": 0.08324909210205078,
            "0_select": 0.015707731246948242,
            "1_unroll": 0.0169985294342041,
            "2_aggregate_override": 0.018999576568603516,
            "3_select": 0.01653909683227539
        },
        "create_final_community_reports": {
            "overall": 38.82771635055542,
            "0_prepare_community_reports_nodes": 0.029264450073242188,
            "1_prepare_community_reports_edges": 0.022924423217773438,
            "2_restore_community_hierarchy": 0.021004676818847656,
            "3_prepare_community_reports": 0.2206103801727295,
            "4_create_community_reports": 38.498451232910156,
            "5_window": 0.017190933227539062
        },
        "create_final_text_units": {
            "overall": 0.13892388343811035,
            "0_select": 0.016835451126098633,
            "1_rename": 0.017010927200317383,
            "2_join": 0.02300858497619629,
            "3_join": 0.023994922637939453,
            "4_aggregate_override": 0.02200603485107422,
            "5_select": 0.01999378204345703
        },
        "create_base_documents": {
            "overall": 0.23566293716430664,
            "0_unroll": 0.02027583122253418,
            "1_select": 0.019452333450317383,
            "2_rename": 0.020911693572998047,
            "3_join": 0.024671554565429688,
            "4_aggregate_override": 0.02143096923828125,
            "5_join": 0.024204730987548828,
            "6_rename": 0.019918203353881836,
            "7_convert": 0.06427764892578125
        },
        "create_final_documents": {
            "overall": 0.04199719429016113,
            "0_rename": 0.020992517471313477
        }
    }
}