{
    "total_runtime": 35.80505990982056,
    "num_documents": 5,
    "input_load_time": 0,
    "workflows": {
        "create_base_text_units": {
            "overall": 0.2097616195678711,
            "0_orderby": 0.0049436092376708984,
            "1_zip": 0.002999544143676758,
            "2_aggregate_override": 0.004999637603759766,
            "3_chunk": 0.15680718421936035,
            "4_select": 0.004040241241455078,
            "5_unroll": 0.004073619842529297,
            "6_rename": 0.00393223762512207,
            "7_genid": 0.005000114440917969,
            "8_unzip": 0.004213571548461914,
            "9_copy": 0.004010915756225586,
            "10_filter": 0.012682199478149414
        },
        "create_base_extracted_entities": {
            "overall": 0.10280561447143555,
            "0_entity_extract": 0.07898259162902832,
            "1_merge_graphs": 0.018982648849487305
        },
        "create_summarized_entities": {
            "overall": 2.194716691970825,
            "0_summarize_descriptions": 2.18971848487854
        },
        "create_base_entity_graph": {
            "overall": 0.06136488914489746,
            "0_cluster_graph": 0.04909658432006836,
            "1_select": 0.007212638854980469
        },
        "create_final_entities": {
            "overall": 1.1591410636901855,
            "0_unpack_graph": 0.0169985294342041,
            "1_rename": 0.007097721099853516,
            "2_select": 0.007005929946899414,
            "3_dedupe": 0.005998373031616211,
            "4_rename": 0.0070002079010009766,
            "5_filter": 0.017005443572998047,
            "6_text_split": 0.00972294807434082,
            "7_drop": 0.007943868637084961,
            "8_merge": 0.025664091110229492,
            "9_text_embed": 1.0210883617401123,
            "10_drop": 0.007943868637084961,
            "11_filter": 0.020012855529785156
        },
        "create_final_nodes": {
            "overall": 0.22573399543762207,
            "0_layout_graph": 0.05636262893676758,
            "1_unpack_graph": 0.02093505859375,
            "2_unpack_graph": 0.022428274154663086,
            "3_drop": 0.010000228881835938,
            "4_filter": 0.026008129119873047,
            "5_select": 0.009998798370361328,
            "6_rename": 0.011004447937011719,
            "7_join": 0.014999628067016602,
            "8_convert": 0.03508424758911133,
            "9_rename": 0.010927915573120117
        },
        "create_final_communities": {
            "overall": 0.2604849338531494,
            "0_unpack_graph": 0.020587921142578125,
            "1_unpack_graph": 0.022390127182006836,
            "2_aggregate_override": 0.013005495071411133,
            "3_join": 0.016003847122192383,
            "4_join": 0.015326261520385742,
            "5_concat": 0.011015653610229492,
            "6_filter": 0.03748750686645508,
            "7_aggregate_override": 0.014946699142456055,
            "8_join": 0.016752958297729492,
            "9_filter": 0.027991771697998047,
            "10_fill": 0.013009786605834961,
            "11_merge": 0.014998197555541992,
            "12_copy": 0.012991905212402344,
            "13_select": 0.013010263442993164
        },
        "join_text_units_to_entity_ids": {
            "overall": 0.05708885192871094,
            "0_select": 0.01400613784790039,
            "1_unroll": 0.013999462127685547,
            "2_aggregate_override": 0.01618671417236328
        },
        "create_final_relationships": {
            "overall": 0.20671534538269043,
            "0_unpack_graph": 0.02480912208557129,
            "1_filter": 0.03494524955749512,
            "2_rename": 0.014992237091064453,
            "3_filter": 0.03450345993041992,
            "4_drop": 0.016995906829833984,
            "5_compute_edge_combined_degree": 0.017891645431518555,
            "6_convert": 0.03343367576599121,
            "7_convert": 0.016000032424926758
        },
        "join_text_units_to_relationship_ids": {
            "overall": 0.084259033203125,
            "0_select": 0.016005992889404297,
            "1_unroll": 0.01676344871520996,
            "2_aggregate_override": 0.018000364303588867,
            "3_select": 0.01801919937133789
        },
        "create_final_community_reports": {
            "overall": 28.031135320663452,
            "0_prepare_community_reports_nodes": 0.01876378059387207,
            "1_prepare_community_reports_edges": 0.019711971282958984,
            "2_restore_community_hierarchy": 0.0210115909576416,
            "3_prepare_community_reports": 0.08200359344482422,
            "4_create_community_reports": 27.855650663375854,
            "5_window": 0.017006874084472656
        },
        "create_final_text_units": {
            "overall": 0.13419032096862793,
            "0_select": 0.018127918243408203,
            "1_rename": 0.016998291015625,
            "2_join": 0.02211308479309082,
            "3_join": 0.022078990936279297,
            "4_aggregate_override": 0.020998716354370117,
            "5_select": 0.017867088317871094
        },
        "create_base_documents": {
            "overall": 0.23096346855163574,
            "0_unroll": 0.021577835083007812,
            "1_select": 0.020006179809570312,
            "2_rename": 0.01875138282775879,
            "3_join": 0.02400660514831543,
            "4_aggregate_override": 0.02035832405090332,
            "5_join": 0.023999929428100586,
            "6_rename": 0.01998734474182129,
            "7_convert": 0.06418466567993164
        },
        "create_final_documents": {
            "overall": 0.04071807861328125,
            "0_rename": 0.020731687545776367
        }
    }
}