{
    "total_runtime": 30.384544372558594,
    "num_documents": 4,
    "input_load_time": 0,
    "workflows": {
        "create_base_text_units": {
            "overall": 0.21266841888427734,
            "0_orderby": 0.0030012130737304688,
            "1_zip": 0.003566265106201172,
            "2_aggregate_override": 0.004945278167724609,
            "3_chunk": 0.16105914115905762,
            "4_select": 0.004500865936279297,
            "5_unroll": 0.005013227462768555,
            "6_rename": 0.0030024051666259766,
            "7_genid": 0.005139827728271484,
            "8_unzip": 0.0047283172607421875,
            "9_copy": 0.0035080909729003906,
            "10_filter": 0.012593269348144531
        },
        "create_base_extracted_entities": {
            "overall": 0.09064817428588867,
            "0_entity_extract": 0.06809329986572266,
            "1_merge_graphs": 0.01803874969482422
        },
        "create_summarized_entities": {
            "overall": 2.58488392829895,
            "0_summarize_descriptions": 2.579362630844116
        },
        "create_base_entity_graph": {
            "overall": 0.05348658561706543,
            "0_cluster_graph": 0.042171478271484375,
            "1_select": 0.006865978240966797
        },
        "create_final_entities": {
            "overall": 1.3230745792388916,
            "0_unpack_graph": 0.01515054702758789,
            "1_rename": 0.006310701370239258,
            "2_select": 0.006002902984619141,
            "3_dedupe": 0.0060193538665771484,
            "4_rename": 0.0074079036712646484,
            "5_filter": 0.017826318740844727,
            "6_text_split": 0.009456872940063477,
            "7_drop": 0.007516145706176758,
            "8_merge": 0.023509502410888672,
            "9_text_embed": 1.1901469230651855,
            "10_drop": 0.008634805679321289,
            "11_filter": 0.020036697387695312
        },
        "create_final_nodes": {
            "overall": 0.21242284774780273,
            "0_layout_graph": 0.05004525184631348,
            "1_unpack_graph": 0.021386146545410156,
            "2_unpack_graph": 0.01881694793701172,
            "3_filter": 0.02539348602294922,
            "4_drop": 0.009508371353149414,
            "5_select": 0.01028132438659668,
            "6_rename": 0.010358810424804688,
            "7_join": 0.014569759368896484,
            "8_convert": 0.03401374816894531,
            "9_rename": 0.010540485382080078
        },
        "create_final_communities": {
            "overall": 0.32718753814697266,
            "0_unpack_graph": 0.021062374114990234,
            "1_unpack_graph": 0.022045135498046875,
            "2_aggregate_override": 0.014038801193237305,
            "3_join": 0.017035245895385742,
            "4_join": 0.034079551696777344,
            "5_concat": 0.020064353942871094,
            "6_filter": 0.044571638107299805,
            "7_aggregate_override": 0.017029523849487305,
            "8_join": 0.02706742286682129,
            "9_filter": 0.03113412857055664,
            "10_fill": 0.013047933578491211,
            "11_merge": 0.016082048416137695,
            "12_copy": 0.022074460983276367,
            "13_select": 0.017290353775024414
        },
        "join_text_units_to_entity_ids": {
            "overall": 0.05728888511657715,
            "0_select": 0.013155937194824219,
            "1_unroll": 0.015505552291870117,
            "2_aggregate_override": 0.015554666519165039
        },
        "create_final_relationships": {
            "overall": 0.19809412956237793,
            "0_unpack_graph": 0.023026227951049805,
            "1_filter": 0.034208059310913086,
            "2_rename": 0.014338493347167969,
            "3_filter": 0.03417468070983887,
            "4_drop": 0.01455378532409668,
            "5_compute_edge_combined_degree": 0.01753401756286621,
            "6_convert": 0.030835866928100586,
            "7_convert": 0.016379356384277344
        },
        "join_text_units_to_relationship_ids": {
            "overall": 0.08103752136230469,
            "0_select": 0.014716625213623047,
            "1_unroll": 0.018022537231445312,
            "2_aggregate_override": 0.01764059066772461,
            "3_select": 0.016094684600830078
        },
        "create_final_community_reports": {
            "overall": 21.689345598220825,
            "0_prepare_community_reports_nodes": 0.018885374069213867,
            "1_prepare_community_reports_edges": 0.019146442413330078,
            "2_restore_community_hierarchy": 0.019993305206298828,
            "3_prepare_community_reports": 0.08039164543151855,
            "4_create_community_reports": 21.509639263153076,
            "5_window": 0.024265766143798828
        },
        "create_final_text_units": {
            "overall": 0.17161011695861816,
            "0_select": 0.019563674926757812,
            "1_rename": 0.024059534072875977,
            "2_join": 0.025542497634887695,
            "3_join": 0.024100542068481445,
            "4_aggregate_override": 0.023050546646118164,
            "5_select": 0.030858993530273438
        },
        "create_base_documents": {
            "overall": 0.3414435386657715,
            "0_unroll": 0.0371851921081543,
            "1_select": 0.02951979637145996,
            "2_rename": 0.031598567962646484,
            "3_join": 0.025229454040527344,
            "4_aggregate_override": 0.023196697235107422,
            "5_join": 0.038823604583740234,
            "6_rename": 0.03393673896789551,
            "7_convert": 0.0937349796295166
        },
        "create_final_documents": {
            "overall": 0.06211423873901367,
            "0_rename": 0.020053625106811523
        }
    }
}