{
    "total_runtime": 65.6223635673523,
    "num_documents": 12,
    "input_load_time": 0,
    "workflows": {
        "create_base_text_units": {
            "overall": 0.28418707847595215,
            "0_orderby": 0.003035306930541992,
            "1_zip": 0.012939453125,
            "2_aggregate_override": 0.004992961883544922,
            "3_chunk": 0.22110390663146973,
            "4_select": 0.0029878616333007812,
            "5_unroll": 0.004008293151855469,
            "6_rename": 0.003000020980834961,
            "7_genid": 0.006999969482421875,
            "8_unzip": 0.00475001335144043,
            "9_copy": 0.003998517990112305,
            "10_filter": 0.013060808181762695
        },
        "create_base_extracted_entities": {
            "overall": 14.698845148086548,
            "0_entity_extract": 14.654553413391113,
            "1_merge_graphs": 0.03800606727600098
        },
        "create_summarized_entities": {
            "overall": 3.1524407863616943,
            "0_summarize_descriptions": 3.1474523544311523
        },
        "create_base_entity_graph": {
            "overall": 0.16580772399902344,
            "0_cluster_graph": 0.15273785591125488,
            "1_select": 0.007999897003173828
        },
        "create_final_entities": {
            "overall": 1.5901732444763184,
            "0_unpack_graph": 0.05499434471130371,
            "1_rename": 0.017064332962036133,
            "2_select": 0.008937835693359375,
            "3_dedupe": 0.00999593734741211,
            "4_rename": 0.006999969482421875,
            "5_filter": 0.01999807357788086,
            "6_text_split": 0.03233146667480469,
            "7_drop": 0.014919519424438477,
            "8_merge": 0.07399487495422363,
            "9_text_embed": 1.2998428344726562,
            "10_drop": 0.008991003036499023,
            "11_filter": 0.036103248596191406
        },
        "create_final_nodes": {
            "overall": 0.7073853015899658,
            "0_layout_graph": 0.2561225891113281,
            "1_unpack_graph": 0.06513094902038574,
            "2_unpack_graph": 0.22974133491516113,
            "3_filter": 0.03000664710998535,
            "4_drop": 0.009999513626098633,
            "5_select": 0.009423971176147461,
            "6_rename": 0.009015798568725586,
            "7_convert": 0.04470396041870117,
            "8_join": 0.03229808807373047,
            "9_rename": 0.01294255256652832
        },
        "create_final_communities": {
            "overall": 0.5109243392944336,
            "0_unpack_graph": 0.05100512504577637,
            "1_unpack_graph": 0.07700371742248535,
            "2_aggregate_override": 0.01800084114074707,
            "3_join": 0.02386617660522461,
            "4_join": 0.021070003509521484,
            "5_concat": 0.024928569793701172,
            "6_filter": 0.14898681640625,
            "7_aggregate_override": 0.026940107345581055,
            "8_join": 0.0170133113861084,
            "9_filter": 0.028986215591430664,
            "10_fill": 0.013004779815673828,
            "11_merge": 0.01999521255493164,
            "12_copy": 0.015019893646240234,
            "13_select": 0.014105081558227539
        },
        "join_text_units_to_entity_ids": {
            "overall": 0.06200051307678223,
            "0_select": 0.014006376266479492,
            "1_unroll": 0.016987323760986328,
            "2_aggregate_override": 0.018006086349487305
        },
        "create_final_relationships": {
            "overall": 0.27355241775512695,
            "0_unpack_graph": 0.06098580360412598,
            "1_filter": 0.043651580810546875,
            "2_rename": 0.018942594528198242,
            "3_filter": 0.045909881591796875,
            "4_drop": 0.016049861907958984,
            "5_compute_edge_combined_degree": 0.019008398056030273,
            "6_convert": 0.03499007225036621,
            "7_convert": 0.019000530242919922
        },
        "join_text_units_to_relationship_ids": {
            "overall": 0.1073460578918457,
            "0_select": 0.02025461196899414,
            "1_unroll": 0.018999814987182617,
            "2_aggregate_override": 0.02509593963623047,
            "3_select": 0.026000499725341797
        },
        "create_final_community_reports": {
            "overall": 39.97544813156128,
            "0_prepare_community_reports_nodes": 0.027000904083251953,
            "1_prepare_community_reports_edges": 0.04068446159362793,
            "2_restore_community_hierarchy": 0.03293275833129883,
            "3_prepare_community_reports": 0.20900392532348633,
            "4_create_community_reports": 39.631818532943726,
            "5_window": 0.01699972152709961
        },
        "create_final_text_units": {
            "overall": 0.20910263061523438,
            "0_select": 0.02662372589111328,
            "1_rename": 0.032007694244384766,
            "2_join": 0.0425264835357666,
            "3_join": 0.03205680847167969,
            "4_aggregate_override": 0.0319361686706543,
            "5_select": 0.026991605758666992
        },
        "create_base_documents": {
            "overall": 0.36521077156066895,
            "0_unroll": 0.028994083404541016,
            "1_select": 0.027056217193603516,
            "2_rename": 0.022217750549316406,
            "3_join": 0.0229947566986084,
            "4_aggregate_override": 0.02700042724609375,
            "5_join": 0.03299975395202637,
            "6_rename": 0.024534940719604492,
            "7_convert": 0.15847301483154297
        },
        "create_final_documents": {
            "overall": 0.05041861534118652,
            "0_rename": 0.02100682258605957
        }
    }
}