{
    "total_runtime": 30.77985668182373,
    "num_documents": 2,
    "input_load_time": 0,
    "workflows": {
        "create_base_text_units": {
            "overall": 0.2011408805847168,
            "0_orderby": 0.003013134002685547,
            "1_zip": 0.0030002593994140625,
            "2_aggregate_override": 0.003991365432739258,
            "3_chunk": 0.15128326416015625,
            "4_select": 0.0032651424407958984,
            "5_unroll": 0.004004955291748047,
            "6_rename": 0.0045166015625,
            "7_genid": 0.0039997100830078125,
            "8_unzip": 0.0044498443603515625,
            "9_copy": 0.0039997100830078125,
            "10_filter": 0.013112545013427734
        },
        "create_base_extracted_entities": {
            "overall": 0.0707087516784668,
            "0_entity_extract": 0.052138328552246094,
            "1_merge_graphs": 0.014055013656616211
        },
        "create_summarized_entities": {
            "overall": 2.0899600982666016,
            "0_summarize_descriptions": 2.085322856903076
        },
        "create_base_entity_graph": {
            "overall": 0.04259943962097168,
            "0_cluster_graph": 0.031079769134521484,
            "1_select": 0.006520986557006836
        },
        "create_final_entities": {
            "overall": 1.4551453590393066,
            "0_unpack_graph": 0.012586593627929688,
            "1_rename": 0.005992412567138672,
            "2_select": 0.007059335708618164,
            "3_dedupe": 0.007521867752075195,
            "4_rename": 0.006501913070678711,
            "5_filter": 0.017591476440429688,
            "6_text_split": 0.008400678634643555,
            "7_drop": 0.008600234985351562,
            "8_merge": 0.019016027450561523,
            "9_text_embed": 1.3202803134918213,
            "10_drop": 0.00853872299194336,
            "11_filter": 0.02755451202392578
        },
        "create_final_nodes": {
            "overall": 0.19593358039855957,
            "0_layout_graph": 0.03609347343444824,
            "1_unpack_graph": 0.01586437225341797,
            "2_unpack_graph": 0.016511201858520508,
            "3_drop": 0.00829458236694336,
            "4_filter": 0.022848844528198242,
            "5_select": 0.009649276733398438,
            "6_rename": 0.020200014114379883,
            "7_convert": 0.032413482666015625,
            "8_join": 0.014513492584228516,
            "9_rename": 0.011056184768676758
        },
        "create_final_communities": {
            "overall": 0.25644922256469727,
            "0_unpack_graph": 0.01707172393798828,
            "1_unpack_graph": 0.017635822296142578,
            "2_aggregate_override": 0.01351785659790039,
            "3_join": 0.016962528228759766,
            "4_join": 0.017084836959838867,
            "5_concat": 0.012859582901000977,
            "6_filter": 0.03400015830993652,
            "7_aggregate_override": 0.01595163345336914,
            "8_join": 0.017149686813354492,
            "9_filter": 0.028296232223510742,
            "10_fill": 0.013056755065917969,
            "11_merge": 0.015557289123535156,
            "12_copy": 0.013205766677856445,
            "13_select": 0.013594865798950195
        },
        "join_text_units_to_entity_ids": {
            "overall": 0.05671334266662598,
            "0_select": 0.013047933578491211,
            "1_unroll": 0.014514446258544922,
            "2_aggregate_override": 0.0156402587890625
        },
        "create_final_relationships": {
            "overall": 0.20942115783691406,
            "0_unpack_graph": 0.030312538146972656,
            "1_filter": 0.03612565994262695,
            "2_rename": 0.01569223403930664,
            "3_filter": 0.03310871124267578,
            "4_drop": 0.01555633544921875,
            "5_compute_edge_combined_degree": 0.018026113510131836,
            "6_convert": 0.032535552978515625,
            "7_convert": 0.015526533126831055
        },
        "join_text_units_to_relationship_ids": {
            "overall": 0.08173966407775879,
            "0_select": 0.014803409576416016,
            "1_unroll": 0.017441511154174805,
            "2_aggregate_override": 0.017597436904907227,
            "3_select": 0.017054319381713867
        },
        "create_final_community_reports": {
            "overall": 22.83567452430725,
            "0_prepare_community_reports_nodes": 0.017676353454589844,
            "1_prepare_community_reports_edges": 0.017876386642456055,
            "2_restore_community_hierarchy": 0.02104949951171875,
            "3_prepare_community_reports": 0.06202101707458496,
            "4_create_community_reports": 22.68285822868347,
            "5_window": 0.017814159393310547
        },
        "create_final_text_units": {
            "overall": 0.1396186351776123,
            "0_select": 0.017582178115844727,
            "1_rename": 0.018446922302246094,
            "2_join": 0.02254629135131836,
            "3_join": 0.02302694320678711,
            "4_aggregate_override": 0.02002739906311035,
            "5_select": 0.018532514572143555
        },
        "create_base_documents": {
            "overall": 0.23355674743652344,
            "0_unroll": 0.020279645919799805,
            "1_select": 0.020283222198486328,
            "2_rename": 0.020038366317749023,
            "3_join": 0.024366140365600586,
            "4_aggregate_override": 0.020891666412353516,
            "5_join": 0.024535179138183594,
            "6_rename": 0.020014047622680664,
            "7_convert": 0.06454777717590332
        },
        "create_final_documents": {
            "overall": 0.04626131057739258,
            "0_rename": 0.02254486083984375
        }
    }
}