{
    "total_runtime": 141.6766848564148,
    "num_documents": 1,
    "input_load_time": 0,
    "workflows": {
        "create_base_text_units": {
            "overall": 0.2691764831542969,
            "0_orderby": 0.0030028820037841797,
            "1_zip": 0.0019991397857666016,
            "2_aggregate_override": 0.005000591278076172,
            "3_chunk": 0.2178802490234375,
            "4_select": 0.0029931068420410156,
            "5_unroll": 0.004006624221801758,
            "6_rename": 0.002934694290161133,
            "7_genid": 0.003999948501586914,
            "8_unzip": 0.003992319107055664,
            "9_copy": 0.009000062942504883,
            "10_filter": 0.012007713317871094
        },
        "create_base_extracted_entities": {
            "overall": 140.79297375679016,
            "0_entity_extract": 140.7775456905365,
            "1_merge_graphs": 0.007999420166015625
        },
        "create_summarized_entities": {
            "overall": 0.012938261032104492,
            "0_summarize_descriptions": 0.008005142211914062
        }
    }
}