{
    "total_runtime": 80.33808422088623,
    "num_documents": 20,
    "input_load_time": 0,
    "workflows": {
        "create_base_text_units": {
            "overall": 0.3404703140258789,
            "0_orderby": 0.002000093460083008,
            "1_zip": 0.002998828887939453,
            "2_aggregate_override": 0.005004167556762695,
            "3_chunk": 0.28101015090942383,
            "4_select": 0.0036575794219970703,
            "5_unroll": 0.0049974918365478516,
            "6_rename": 0.003795146942138672,
            "7_genid": 0.005998373031616211,
            "8_unzip": 0.0029993057250976562,
            "9_copy": 0.004000425338745117,
            "10_filter": 0.021006107330322266
        },
        "create_base_extracted_entities": {
            "overall": 13.75080943107605,
            "0_entity_extract": 13.676810503005981,
            "1_merge_graphs": 0.06700778007507324
        },
        "create_summarized_entities": {
            "overall": 4.073074579238892,
            "0_summarize_descriptions": 4.069075107574463
        },
        "create_base_entity_graph": {
            "overall": 0.3581702709197998,
            "0_cluster_graph": 0.33278369903564453,
            "1_select": 0.020300865173339844
        },
        "create_final_entities": {
            "overall": 1.8675007820129395,
            "0_unpack_graph": 0.11510586738586426,
            "1_rename": 0.005400896072387695,
            "2_select": 0.018964767456054688,
            "3_dedupe": 0.007001638412475586,
            "4_rename": 0.011265039443969727,
            "5_filter": 0.029593229293823242,
            "6_text_split": 0.021270275115966797,
            "7_drop": 0.008006572723388672,
            "8_merge": 0.0709998607635498,
            "9_text_embed": 1.5387015342712402,
            "10_drop": 0.009120941162109375,
            "11_filter": 0.022028684616088867
        },
        "create_final_nodes": {
            "overall": 0.9656994342803955,
            "0_layout_graph": 0.47494935989379883,
            "1_unpack_graph": 0.09756183624267578,
            "2_unpack_graph": 0.2548232078552246,
            "3_drop": 0.009092569351196289,
            "4_filter": 0.04000711441040039,
            "5_select": 0.00899052619934082,
            "6_rename": 0.01018667221069336,
            "7_convert": 0.034027814865112305,
            "8_join": 0.016982078552246094,
            "9_rename": 0.011000871658325195
        },
        "create_final_communities": {
            "overall": 0.7762112617492676,
            "0_unpack_graph": 0.08960342407226562,
            "1_unpack_graph": 0.08800339698791504,
            "2_aggregate_override": 0.01288151741027832,
            "3_join": 0.019866943359375,
            "4_join": 0.021852970123291016,
            "5_concat": 0.012046337127685547,
            "6_filter": 0.39591431617736816,
            "7_aggregate_override": 0.018456697463989258,
            "8_join": 0.017145395278930664,
            "9_filter": 0.028918743133544922,
            "10_fill": 0.012935876846313477,
            "11_merge": 0.020057201385498047,
            "12_copy": 0.013942718505859375,
            "13_select": 0.014507055282592773
        },
        "join_text_units_to_entity_ids": {
            "overall": 0.06822085380554199,
            "0_select": 0.024471282958984375,
            "1_unroll": 0.01400613784790039,
            "2_aggregate_override": 0.0170133113861084
        },
        "create_final_relationships": {
            "overall": 0.2962300777435303,
            "0_unpack_graph": 0.09149551391601562,
            "1_filter": 0.04591512680053711,
            "2_rename": 0.014000177383422852,
            "3_filter": 0.04910135269165039,
            "4_drop": 0.014734745025634766,
            "5_compute_edge_combined_degree": 0.018996238708496094,
            "6_convert": 0.03198552131652832,
            "7_convert": 0.01601243019104004
        },
        "join_text_units_to_relationship_ids": {
            "overall": 0.08399748802185059,
            "0_select": 0.015130043029785156,
            "1_unroll": 0.017345190048217773,
            "2_aggregate_override": 0.02000260353088379,
            "3_select": 0.015519857406616211
        },
        "create_final_community_reports": {
            "overall": 54.254836559295654,
            "0_prepare_community_reports_nodes": 0.03600621223449707,
            "1_prepare_community_reports_edges": 0.023006200790405273,
            "2_restore_community_hierarchy": 0.023525476455688477,
            "3_prepare_community_reports": 0.26447343826293945,
            "4_create_community_reports": 53.87274765968323,
            "5_window": 0.01900029182434082
        },
        "create_final_text_units": {
            "overall": 0.15293145179748535,
            "0_select": 0.018011808395385742,
            "1_rename": 0.028995513916015625,
            "2_join": 0.02701401710510254,
            "3_join": 0.02294778823852539,
            "4_aggregate_override": 0.01999974250793457,
            "5_select": 0.01896977424621582
        },
        "create_base_documents": {
            "overall": 0.23692107200622559,
            "0_unroll": 0.021442413330078125,
            "1_select": 0.02025437355041504,
            "2_rename": 0.02200484275817871,
            "3_join": 0.022008180618286133,
            "4_aggregate_override": 0.022268056869506836,
            "5_join": 0.02594923973083496,
            "6_rename": 0.020000457763671875,
            "7_convert": 0.06399393081665039
        },
        "create_final_documents": {
            "overall": 0.04399704933166504,
            "0_rename": 0.020993947982788086
        }
    }
}