{
    "total_runtime": 690.4443409442902,
    "num_documents": 2,
    "input_load_time": 0,
    "workflows": {
        "create_base_text_units": {
            "overall": 0.4549834728240967,
            "0_orderby": 0.0021028518676757812,
            "1_zip": 0.0030128955841064453,
            "2_aggregate_override": 0.006005764007568359,
            "3_chunk": 0.36930108070373535,
            "4_select": 0.003999471664428711,
            "5_unroll": 0.011232614517211914,
            "6_rename": 0.0030035972595214844,
            "7_genid": 0.012999534606933594,
            "8_unzip": 0.005148410797119141,
            "9_copy": 0.004011631011962891,
            "10_filter": 0.03196358680725098
        },
        "create_base_extracted_entities": {
            "overall": 523.1525015830994,
            "0_entity_extract": 522.9603021144867,
            "1_merge_graphs": 0.18706560134887695
        },
        "create_summarized_entities": {
            "overall": 29.33161687850952,
            "0_summarize_descriptions": 29.326706171035767
        },
        "create_base_entity_graph": {
            "overall": 0.9788577556610107,
            "0_cluster_graph": 0.9688160419464111,
            "1_select": 0.00504302978515625
        },
        "create_final_entities": {
            "overall": 8.273505687713623,
            "0_unpack_graph": 0.3932681083679199,
            "1_rename": 0.0056362152099609375,
            "2_select": 0.006313800811767578,
            "3_dedupe": 0.007071495056152344,
            "4_rename": 0.005990743637084961,
            "5_filter": 0.02671527862548828,
            "6_text_split": 0.02399301528930664,
            "7_drop": 0.007950544357299805,
            "8_merge": 0.2007887363433838,
            "9_text_embed": 7.551705837249756,
            "10_drop": 0.008228302001953125,
            "11_filter": 0.028905868530273438
        },
        "create_final_nodes": {
            "overall": 2.9186851978302,
            "0_layout_graph": 1.487044334411621,
            "1_unpack_graph": 0.6054883003234863,
            "2_unpack_graph": 0.6118407249450684,
            "3_drop": 0.016544342041015625,
            "4_filter": 0.07057332992553711,
            "5_select": 0.00998997688293457,
            "6_rename": 0.00962376594543457,
            "7_join": 0.02595663070678711,
            "8_convert": 0.061158180236816406,
            "9_rename": 0.011452436447143555
        },
        "create_final_communities": {
            "overall": 1.7210373878479004,
            "0_unpack_graph": 0.436659574508667,
            "1_unpack_graph": 0.42557859420776367,
            "2_aggregate_override": 0.013344049453735352,
            "3_join": 0.03377270698547363,
            "4_join": 0.035027265548706055,
            "5_concat": 0.013886690139770508,
            "6_filter": 0.598686695098877,
            "7_aggregate_override": 0.037992000579833984,
            "8_join": 0.016000986099243164,
            "9_filter": 0.031006813049316406,
            "10_fill": 0.012772083282470703,
            "11_merge": 0.02924513816833496,
            "12_copy": 0.01305842399597168,
            "13_select": 0.013007164001464844
        },
        "join_text_units_to_entity_ids": {
            "overall": 0.06175827980041504,
            "0_select": 0.012000083923339844,
            "1_unroll": 0.015007972717285156,
            "2_aggregate_override": 0.021750688552856445
        },
        "create_final_relationships": {
            "overall": 0.7238686084747314,
            "0_unpack_graph": 0.4324207305908203,
            "1_filter": 0.07965874671936035,
            "2_rename": 0.016000986099243164,
            "3_filter": 0.07903242111206055,
            "4_drop": 0.025691747665405273,
            "5_compute_edge_combined_degree": 0.028904199600219727,
            "6_convert": 0.032367706298828125,
            "7_convert": 0.016794204711914062
        },
        "join_text_units_to_relationship_ids": {
            "overall": 0.09856343269348145,
            "0_select": 0.018001079559326172,
            "1_unroll": 0.02099919319152832,
            "2_aggregate_override": 0.026999473571777344,
            "3_select": 0.01655125617980957
        },
        "create_final_community_reports": {
            "overall": 118.93916821479797,
            "0_prepare_community_reports_nodes": 0.06910586357116699,
            "1_prepare_community_reports_edges": 0.03199958801269531,
            "2_restore_community_hierarchy": 0.028525114059448242,
            "3_prepare_community_reports": 0.6373674869537354,
            "4_create_community_reports": 118.13715529441833,
            "5_window": 0.017998695373535156
        },
        "create_final_text_units": {
            "overall": 0.14704585075378418,
            "0_select": 0.018069028854370117,
            "1_rename": 0.017989635467529297,
            "2_join": 0.025992631912231445,
            "3_join": 0.026003122329711914,
            "4_aggregate_override": 0.02199697494506836,
            "5_select": 0.019999980926513672
        },
        "create_base_documents": {
            "overall": 0.2342686653137207,
            "0_unroll": 0.020075559616088867,
            "1_select": 0.018509626388549805,
            "2_rename": 0.01939988136291504,
            "3_join": 0.023006439208984375,
            "4_aggregate_override": 0.02133965492248535,
            "5_join": 0.02294015884399414,
            "6_rename": 0.023793458938598633,
            "7_convert": 0.0649712085723877
        },
        "create_final_documents": {
            "overall": 0.04126572608947754,
            "0_rename": 0.02013397216796875
        }
    }
}