{
    "total_runtime": 110.3764579296112,
    "num_documents": 17,
    "input_load_time": 0,
    "workflows": {
        "create_base_text_units": {
            "overall": 0.3228418827056885,
            "0_orderby": 0.002935171127319336,
            "1_zip": 0.0019998550415039062,
            "2_aggregate_override": 0.005060672760009766,
            "3_chunk": 0.254300594329834,
            "4_select": 0.004163503646850586,
            "5_unroll": 0.004901409149169922,
            "6_rename": 0.01392984390258789,
            "7_genid": 0.01200723648071289,
            "8_unzip": 0.005991935729980469,
            "9_copy": 0.003008127212524414,
            "10_filter": 0.012539148330688477
        },
        "create_base_extracted_entities": {
            "overall": 59.81664514541626,
            "0_entity_extract": 59.74662661552429,
            "1_merge_graphs": 0.0650019645690918
        },
        "create_summarized_entities": {
            "overall": 3.8358333110809326,
            "0_summarize_descriptions": 3.8318278789520264
        },
        "create_base_entity_graph": {
            "overall": 0.1966874599456787,
            "0_cluster_graph": 0.18573307991027832,
            "1_select": 0.005007743835449219
        },
        "create_final_entities": {
            "overall": 1.7691659927368164,
            "0_unpack_graph": 0.09317874908447266,
            "1_rename": 0.006005287170410156,
            "2_select": 0.015018224716186523,
            "3_dedupe": 0.01399087905883789,
            "4_rename": 0.01599597930908203,
            "5_filter": 0.02606821060180664,
            "6_text_split": 0.017939329147338867,
            "7_drop": 0.013993024826049805,
            "8_merge": 0.08722853660583496,
            "9_text_embed": 1.4383106231689453,
            "10_drop": 0.008998632431030273,
            "11_filter": 0.022355318069458008
        },
        "create_final_nodes": {
            "overall": 0.8723878860473633,
            "0_layout_graph": 0.3311316967010498,
            "1_unpack_graph": 0.2671074867248535,
            "2_unpack_graph": 0.08399629592895508,
            "3_drop": 0.010004043579101562,
            "4_filter": 0.032655954360961914,
            "5_select": 0.011007547378540039,
            "6_rename": 0.01099848747253418,
            "7_convert": 0.04043412208557129,
            "8_join": 0.04905581474304199,
            "9_rename": 0.01100778579711914
        },
        "create_final_communities": {
            "overall": 0.6743524074554443,
            "0_unpack_graph": 0.11951541900634766,
            "1_unpack_graph": 0.08223605155944824,
            "2_aggregate_override": 0.012005805969238281,
            "3_join": 0.017943382263183594,
            "4_join": 0.016000032424926758,
            "5_concat": 0.022527456283569336,
            "6_filter": 0.20903372764587402,
            "7_aggregate_override": 0.02098369598388672,
            "8_join": 0.03999733924865723,
            "9_filter": 0.04076099395751953,
            "10_fill": 0.020326852798461914,
            "11_merge": 0.033013105392456055,
            "12_copy": 0.01499176025390625,
            "13_select": 0.015008211135864258
        },
        "join_text_units_to_entity_ids": {
            "overall": 0.07596921920776367,
            "0_select": 0.011978387832641602,
            "1_unroll": 0.01401829719543457,
            "2_aggregate_override": 0.019978046417236328
        },
        "create_final_relationships": {
            "overall": 0.32096028327941895,
            "0_unpack_graph": 0.07400059700012207,
            "1_filter": 0.07754206657409668,
            "2_rename": 0.014913082122802734,
            "3_filter": 0.049733638763427734,
            "4_drop": 0.017994403839111328,
            "5_compute_edge_combined_degree": 0.020006656646728516,
            "6_convert": 0.03712344169616699,
            "7_convert": 0.0166473388671875
        },
        "join_text_units_to_relationship_ids": {
            "overall": 0.09374737739562988,
            "0_select": 0.0170133113861084,
            "1_unroll": 0.018000125885009766,
            "2_aggregate_override": 0.021999597549438477,
            "3_select": 0.017992258071899414
        },
        "create_final_community_reports": {
            "overall": 38.612462759017944,
            "0_prepare_community_reports_nodes": 0.03262805938720703,
            "1_prepare_community_reports_edges": 0.025995492935180664,
            "2_restore_community_hierarchy": 0.02399754524230957,
            "3_prepare_community_reports": 0.315812349319458,
            "4_create_community_reports": 38.17788124084473,
            "5_window": 0.01714015007019043
        },
        "create_final_text_units": {
            "overall": 0.14246582984924316,
            "0_select": 0.017670154571533203,
            "1_rename": 0.016570091247558594,
            "2_join": 0.02300238609313965,
            "3_join": 0.027571678161621094,
            "4_aggregate_override": 0.021996259689331055,
            "5_select": 0.01865530014038086
        },
        "create_base_documents": {
            "overall": 0.233642578125,
            "0_unroll": 0.020535945892333984,
            "1_select": 0.019751310348510742,
            "2_rename": 0.020172834396362305,
            "3_join": 0.023662328720092773,
            "4_aggregate_override": 0.019946575164794922,
            "5_join": 0.025995492935180664,
            "6_rename": 0.019991159439086914,
            "7_convert": 0.06458425521850586
        },
        "create_final_documents": {
            "overall": 0.04310297966003418,
            "0_rename": 0.022106409072875977
        }
    }
}