{
    "total_runtime": 87.11989378929138,
    "num_documents": 13,
    "input_load_time": 0,
    "workflows": {
        "create_base_text_units": {
            "overall": 0.2864394187927246,
            "0_orderby": 0.0019969940185546875,
            "1_zip": 0.003000497817993164,
            "2_aggregate_override": 0.005001068115234375,
            "3_chunk": 0.21512174606323242,
            "4_select": 0.004007101058959961,
            "5_unroll": 0.0039997100830078125,
            "6_rename": 0.003003835678100586,
            "7_genid": 0.004987955093383789,
            "8_unzip": 0.0040090084075927734,
            "9_copy": 0.005002021789550781,
            "10_filter": 0.033307552337646484
        },
        "create_base_extracted_entities": {
            "overall": 24.768834352493286,
            "0_entity_extract": 24.711902856826782,
            "1_merge_graphs": 0.052932024002075195
        },
        "create_summarized_entities": {
            "overall": 3.623155117034912,
            "0_summarize_descriptions": 3.618155002593994
        },
        "create_base_entity_graph": {
            "overall": 0.26186347007751465,
            "0_cluster_graph": 0.24587535858154297,
            "1_select": 0.009991168975830078
        },
        "create_final_entities": {
            "overall": 2.286031484603882,
            "0_unpack_graph": 0.07292795181274414,
            "1_rename": 0.008999824523925781,
            "2_select": 0.007009983062744141,
            "3_dedupe": 0.007997274398803711,
            "4_rename": 0.00599980354309082,
            "5_filter": 0.02507185935974121,
            "6_text_split": 0.013996362686157227,
            "7_drop": 0.006992816925048828,
            "8_merge": 0.06406235694885254,
            "9_text_embed": 2.027505397796631,
            "10_drop": 0.008996963500976562,
            "11_filter": 0.023471832275390625
        },
        "create_final_nodes": {
            "overall": 0.8384711742401123,
            "0_layout_graph": 0.3521289825439453,
            "1_unpack_graph": 0.25232386589050293,
            "2_unpack_graph": 0.07999205589294434,
            "3_drop": 0.008998870849609375,
            "4_filter": 0.03000783920288086,
            "5_select": 0.009000539779663086,
            "6_rename": 0.010994434356689453,
            "7_convert": 0.03910326957702637,
            "8_join": 0.0309295654296875,
            "9_rename": 0.016993045806884766
        },
        "create_final_communities": {
            "overall": 0.7985022068023682,
            "0_unpack_graph": 0.1410081386566162,
            "1_unpack_graph": 0.08614993095397949,
            "2_aggregate_override": 0.0270388126373291,
            "3_join": 0.0359342098236084,
            "4_join": 0.01790904998779297,
            "5_concat": 0.023000717163085938,
            "6_filter": 0.26172590255737305,
            "7_aggregate_override": 0.024925947189331055,
            "8_join": 0.025651931762695312,
            "9_filter": 0.04812216758728027,
            "10_fill": 0.042964935302734375,
            "11_merge": 0.02433466911315918,
            "12_copy": 0.01708841323852539,
            "13_select": 0.013000726699829102
        },
        "join_text_units_to_entity_ids": {
            "overall": 0.08037495613098145,
            "0_select": 0.02798008918762207,
            "1_unroll": 0.0199434757232666,
            "2_aggregate_override": 0.018270015716552734
        },
        "create_final_relationships": {
            "overall": 0.43755674362182617,
            "0_unpack_graph": 0.09345650672912598,
            "1_filter": 0.05400562286376953,
            "2_rename": 0.031128883361816406,
            "3_filter": 0.09593653678894043,
            "4_drop": 0.021813392639160156,
            "5_compute_edge_combined_degree": 0.025073528289794922,
            "6_convert": 0.06794166564941406,
            "7_convert": 0.022266149520874023
        },
        "join_text_units_to_relationship_ids": {
            "overall": 0.12100648880004883,
            "0_select": 0.02792668342590332,
            "1_unroll": 0.020008087158203125,
            "2_aggregate_override": 0.029003381729125977,
            "3_select": 0.01899552345275879
        },
        "create_final_community_reports": {
            "overall": 49.267104625701904,
            "0_prepare_community_reports_nodes": 0.02904677391052246,
            "1_prepare_community_reports_edges": 0.021008968353271484,
            "2_restore_community_hierarchy": 0.024936199188232422,
            "3_prepare_community_reports": 0.2960331439971924,
            "4_create_community_reports": 48.849982261657715,
            "5_window": 0.026082992553710938
        },
        "create_final_text_units": {
            "overall": 0.2291104793548584,
            "0_select": 0.02048802375793457,
            "1_rename": 0.029050111770629883,
            "2_join": 0.033599853515625,
            "3_join": 0.042729854583740234,
            "4_aggregate_override": 0.04092741012573242,
            "5_select": 0.03837704658508301
        },
        "create_base_documents": {
            "overall": 0.377277135848999,
            "0_unroll": 0.02592611312866211,
            "1_select": 0.027006864547729492,
            "2_rename": 0.021595001220703125,
            "3_join": 0.03895401954650879,
            "4_aggregate_override": 0.044254302978515625,
            "5_join": 0.050447940826416016,
            "6_rename": 0.04855084419250488,
            "7_convert": 0.08963370323181152
        },
        "create_final_documents": {
            "overall": 0.040354251861572266,
            "0_rename": 0.021007061004638672
        }
    }
}