{
    "total_runtime": 49.96834707260132,
    "num_documents": 8,
    "input_load_time": 0,
    "workflows": {
        "create_base_text_units": {
            "overall": 0.21534490585327148,
            "0_orderby": 0.002998828887939453,
            "1_zip": 0.002193927764892578,
            "2_aggregate_override": 0.005065202713012695,
            "3_chunk": 0.16145682334899902,
            "4_select": 0.0042798519134521484,
            "5_unroll": 0.005000591278076172,
            "6_rename": 0.004000186920166016,
            "7_genid": 0.003999471664428711,
            "8_unzip": 0.004837512969970703,
            "9_copy": 0.004000425338745117,
            "10_filter": 0.013579607009887695
        },
        "create_base_extracted_entities": {
            "overall": 0.12948012351989746,
            "0_entity_extract": 0.09848642349243164,
            "1_merge_graphs": 0.026991844177246094
        },
        "create_summarized_entities": {
            "overall": 2.7437260150909424,
            "0_summarize_descriptions": 2.737786054611206
        },
        "create_base_entity_graph": {
            "overall": 0.10352230072021484,
            "0_cluster_graph": 0.09201526641845703,
            "1_select": 0.005506277084350586
        },
        "create_final_entities": {
            "overall": 1.3863027095794678,
            "0_unpack_graph": 0.0320131778717041,
            "1_rename": 0.006644725799560547,
            "2_select": 0.007046937942504883,
            "3_dedupe": 0.005995273590087891,
            "4_rename": 0.006900310516357422,
            "5_filter": 0.01882648468017578,
            "6_text_split": 0.010941743850708008,
            "7_drop": 0.007991552352905273,
            "8_merge": 0.039003849029541016,
            "9_text_embed": 1.2160148620605469,
            "10_drop": 0.0074160099029541016,
            "11_filter": 0.021998882293701172
        },
        "create_final_nodes": {
            "overall": 0.3240196704864502,
            "0_layout_graph": 0.12402534484863281,
            "1_unpack_graph": 0.03818702697753906,
            "2_unpack_graph": 0.04004621505737305,
            "3_drop": 0.008934259414672852,
            "4_filter": 0.0279996395111084,
            "5_select": 0.009664535522460938,
            "6_rename": 0.010005712509155273,
            "7_convert": 0.03200864791870117,
            "8_join": 0.01499032974243164,
            "9_rename": 0.009999513626098633
        },
        "create_final_communities": {
            "overall": 0.33178257942199707,
            "0_unpack_graph": 0.037999868392944336,
            "1_unpack_graph": 0.03572344779968262,
            "2_aggregate_override": 0.013537406921386719,
            "3_join": 0.017014026641845703,
            "4_join": 0.014998912811279297,
            "5_concat": 0.012000322341918945,
            "6_filter": 0.07414031028747559,
            "7_aggregate_override": 0.01602005958557129,
            "8_join": 0.01594710350036621,
            "9_filter": 0.029011011123657227,
            "10_fill": 0.012970924377441406,
            "11_merge": 0.017007112503051758,
            "12_copy": 0.012299299240112305,
            "13_select": 0.013115406036376953
        },
        "join_text_units_to_entity_ids": {
            "overall": 0.05789685249328613,
            "0_select": 0.014003276824951172,
            "1_unroll": 0.015006780624389648,
            "2_aggregate_override": 0.01599264144897461
        },
        "create_final_relationships": {
            "overall": 0.24151158332824707,
            "0_unpack_graph": 0.04034733772277832,
            "1_filter": 0.03806447982788086,
            "2_rename": 0.015551567077636719,
            "3_filter": 0.03687143325805664,
            "4_drop": 0.014495134353637695,
            "5_compute_edge_combined_degree": 0.01814723014831543,
            "6_convert": 0.04802560806274414,
            "7_convert": 0.01599907875061035
        },
        "join_text_units_to_relationship_ids": {
            "overall": 0.07943248748779297,
            "0_select": 0.01507258415222168,
            "1_unroll": 0.016013145446777344,
            "2_aggregate_override": 0.017910003662109375,
            "3_select": 0.016361713409423828
        },
        "create_final_community_reports": {
            "overall": 41.12106251716614,
            "0_prepare_community_reports_nodes": 0.02700066566467285,
            "1_prepare_community_reports_edges": 0.020999431610107422,
            "2_restore_community_hierarchy": 0.02190995216369629,
            "3_prepare_community_reports": 0.13500165939331055,
            "4_create_community_reports": 40.88086247444153,
            "5_window": 0.017288923263549805
        },
        "create_final_text_units": {
            "overall": 0.13605093955993652,
            "0_select": 0.018001079559326172,
            "1_rename": 0.017454147338867188,
            "2_join": 0.022061586380004883,
            "3_join": 0.023122310638427734,
            "4_aggregate_override": 0.019980430603027344,
            "5_select": 0.018948078155517578
        },
        "create_base_documents": {
            "overall": 0.23096585273742676,
            "0_unroll": 0.019954681396484375,
            "1_select": 0.01999974250793457,
            "2_rename": 0.01901078224182129,
            "3_join": 0.0240781307220459,
            "4_aggregate_override": 0.02106332778930664,
            "5_join": 0.02399897575378418,
            "6_rename": 0.02099919319152832,
            "7_convert": 0.06432604789733887
        },
        "create_final_documents": {
            "overall": 0.04128289222717285,
            "0_rename": 0.021007537841796875
        }
    }
}