{
    "total_runtime": 120.20687365531921,
    "num_documents": 19,
    "input_load_time": 0,
    "workflows": {
        "create_base_text_units": {
            "overall": 0.34189605712890625,
            "0_orderby": 0.0023522377014160156,
            "1_zip": 0.001996278762817383,
            "2_aggregate_override": 0.008950471878051758,
            "3_chunk": 0.27461886405944824,
            "4_select": 0.0042724609375,
            "5_unroll": 0.007000446319580078,
            "6_rename": 0.003999948501586914,
            "7_genid": 0.007087230682373047,
            "8_unzip": 0.00948023796081543,
            "9_copy": 0.005996227264404297,
            "10_filter": 0.014046192169189453
        },
        "create_base_extracted_entities": {
            "overall": 65.66840672492981,
            "0_entity_extract": 65.59254169464111,
            "1_merge_graphs": 0.07193946838378906
        },
        "create_summarized_entities": {
            "overall": 3.7408487796783447,
            "0_summarize_descriptions": 3.7359113693237305
        },
        "create_base_entity_graph": {
            "overall": 0.22398853302001953,
            "0_cluster_graph": 0.21200060844421387,
            "1_select": 0.005998373031616211
        },
        "create_final_entities": {
            "overall": 2.181473731994629,
            "0_unpack_graph": 0.07700037956237793,
            "1_rename": 0.00818943977355957,
            "2_select": 0.0070078372955322266,
            "3_dedupe": 0.0070035457611083984,
            "4_rename": 0.00799703598022461,
            "5_filter": 0.021349430084228516,
            "6_text_split": 0.013149023056030273,
            "7_drop": 0.008002281188964844,
            "8_merge": 0.07528877258300781,
            "9_text_embed": 1.9202721118927002,
            "10_drop": 0.007999658584594727,
            "11_filter": 0.022214412689208984
        },
        "create_final_nodes": {
            "overall": 0.7009341716766357,
            "0_layout_graph": 0.4021928310394287,
            "1_unpack_graph": 0.08374881744384766,
            "2_unpack_graph": 0.07486224174499512,
            "3_filter": 0.032242536544799805,
            "4_drop": 0.008990049362182617,
            "5_select": 0.009008169174194336,
            "6_rename": 0.010226726531982422,
            "7_convert": 0.034157514572143555,
            "8_join": 0.026291370391845703,
            "9_rename": 0.011208057403564453
        },
        "create_final_communities": {
            "overall": 0.47493910789489746,
            "0_unpack_graph": 0.07524514198303223,
            "1_unpack_graph": 0.06698966026306152,
            "2_aggregate_override": 0.012944221496582031,
            "3_join": 0.01720404624938965,
            "4_join": 0.017999649047851562,
            "5_concat": 0.011758565902709961,
            "6_filter": 0.14266180992126465,
            "7_aggregate_override": 0.018297195434570312,
            "8_join": 0.015530824661254883,
            "9_filter": 0.028308868408203125,
            "10_fill": 0.011992454528808594,
            "11_merge": 0.020008087158203125,
            "12_copy": 0.013000011444091797,
            "13_select": 0.012992382049560547
        },
        "join_text_units_to_entity_ids": {
            "overall": 0.07518601417541504,
            "0_select": 0.014052867889404297,
            "1_unroll": 0.01595330238342285,
            "2_aggregate_override": 0.03117513656616211
        },
        "create_final_relationships": {
            "overall": 0.2654128074645996,
            "0_unpack_graph": 0.07390403747558594,
            "1_filter": 0.041390419006347656,
            "2_rename": 0.013923883438110352,
            "3_filter": 0.042192935943603516,
            "4_drop": 0.014935016632080078,
            "5_compute_edge_combined_degree": 0.018048763275146484,
            "6_convert": 0.030922889709472656,
            "7_convert": 0.01709604263305664
        },
        "join_text_units_to_relationship_ids": {
            "overall": 0.08279752731323242,
            "0_select": 0.014998912811279297,
            "1_unroll": 0.0179901123046875,
            "2_aggregate_override": 0.019001483917236328,
            "3_select": 0.015798568725585938
        },
        "create_final_community_reports": {
            "overall": 42.51310610771179,
            "0_prepare_community_reports_nodes": 0.03286910057067871,
            "1_prepare_community_reports_edges": 0.0231630802154541,
            "2_restore_community_hierarchy": 0.022008895874023438,
            "3_prepare_community_reports": 0.24693679809570312,
            "4_create_community_reports": 42.14142727851868,
            "5_window": 0.03204059600830078
        },
        "create_final_text_units": {
            "overall": 0.22334647178649902,
            "0_select": 0.016999244689941406,
            "1_rename": 0.037007808685302734,
            "2_join": 0.021999597549438477,
            "3_join": 0.04198265075683594,
            "4_aggregate_override": 0.041280508041381836,
            "5_select": 0.03406572341918945
        },
        "create_base_documents": {
            "overall": 0.30959296226501465,
            "0_unroll": 0.03668379783630371,
            "1_select": 0.028940200805664062,
            "2_rename": 0.01999807357788086,
            "3_join": 0.03799700736999512,
            "4_aggregate_override": 0.024000883102416992,
            "5_join": 0.028992176055908203,
            "6_rename": 0.03499937057495117,
            "7_convert": 0.07400202751159668
        },
        "create_final_documents": {
            "overall": 0.042000532150268555,
            "0_rename": 0.020993471145629883
        }
    }
}