{
    "total_runtime": 45.144895792007446,
    "num_documents": 7,
    "input_load_time": 0,
    "workflows": {
        "create_base_text_units": {
            "overall": 0.21639108657836914,
            "0_orderby": 0.004002571105957031,
            "1_zip": 0.002438783645629883,
            "2_aggregate_override": 0.00506591796875,
            "3_chunk": 0.1625068187713623,
            "4_select": 0.004387378692626953,
            "5_unroll": 0.004996538162231445,
            "6_rename": 0.004000186920166016,
            "7_genid": 0.00506281852722168,
            "8_unzip": 0.003943204879760742,
            "9_copy": 0.003992319107055664,
            "10_filter": 0.01300191879272461
        },
        "create_base_extracted_entities": {
            "overall": 10.523079633712769,
            "0_entity_extract": 10.493167161941528,
            "1_merge_graphs": 0.02496504783630371
        },
        "create_summarized_entities": {
            "overall": 2.4540202617645264,
            "0_summarize_descriptions": 2.4490880966186523
        },
        "create_base_entity_graph": {
            "overall": 0.07304739952087402,
            "0_cluster_graph": 0.06200432777404785,
            "1_select": 0.006030082702636719
        },
        "create_final_entities": {
            "overall": 1.223168134689331,
            "0_unpack_graph": 0.021001338958740234,
            "1_rename": 0.006997823715209961,
            "2_select": 0.0070002079010009766,
            "3_dedupe": 0.0070002079010009766,
            "4_rename": 0.0069980621337890625,
            "5_filter": 0.018001794815063477,
            "6_text_split": 0.01001596450805664,
            "7_drop": 0.0070037841796875,
            "8_merge": 0.036257266998291016,
            "9_text_embed": 1.0697107315063477,
            "10_drop": 0.007265567779541016,
            "11_filter": 0.019925832748413086
        },
        "create_final_nodes": {
            "overall": 0.24634480476379395,
            "0_layout_graph": 0.07600545883178711,
            "1_unpack_graph": 0.0259091854095459,
            "2_unpack_graph": 0.02800774574279785,
            "3_filter": 0.02289867401123047,
            "4_drop": 0.009618520736694336,
            "5_select": 0.010010957717895508,
            "6_rename": 0.00957036018371582,
            "7_convert": 0.03203296661376953,
            "8_join": 0.014700651168823242,
            "9_rename": 0.009998559951782227
        },
        "create_final_communities": {
            "overall": 0.2735874652862549,
            "0_unpack_graph": 0.02499866485595703,
            "1_unpack_graph": 0.02742767333984375,
            "2_aggregate_override": 0.012086868286132812,
            "3_join": 0.016056060791015625,
            "4_join": 0.015943527221679688,
            "5_concat": 0.011928081512451172,
            "6_filter": 0.042999982833862305,
            "7_aggregate_override": 0.014992475509643555,
            "8_join": 0.015999794006347656,
            "9_filter": 0.02800726890563965,
            "10_fill": 0.011992454528808594,
            "11_merge": 0.01621103286743164,
            "12_copy": 0.012007951736450195,
            "13_select": 0.012997627258300781
        },
        "join_text_units_to_entity_ids": {
            "overall": 0.05701303482055664,
            "0_select": 0.012999534606933594,
            "1_unroll": 0.015000104904174805,
            "2_aggregate_override": 0.015007734298706055
        },
        "create_final_relationships": {
            "overall": 0.21460890769958496,
            "0_unpack_graph": 0.02969193458557129,
            "1_filter": 0.037001609802246094,
            "2_rename": 0.01501154899597168,
            "3_filter": 0.03699445724487305,
            "4_drop": 0.01599407196044922,
            "5_compute_edge_combined_degree": 0.019013404846191406,
            "6_convert": 0.03149557113647461,
            "7_convert": 0.01609063148498535
        },
        "join_text_units_to_relationship_ids": {
            "overall": 0.08253026008605957,
            "0_select": 0.015231132507324219,
            "1_unroll": 0.018095016479492188,
            "2_aggregate_override": 0.017918825149536133,
            "3_select": 0.016815662384033203
        },
        "create_final_community_reports": {
            "overall": 26.215797424316406,
            "0_prepare_community_reports_nodes": 0.022991657257080078,
            "1_prepare_community_reports_edges": 0.021017074584960938,
            "2_restore_community_hierarchy": 0.02120375633239746,
            "3_prepare_community_reports": 0.09599113464355469,
            "4_create_community_reports": 26.021177291870117,
            "5_window": 0.017409086227416992
        },
        "create_final_text_units": {
            "overall": 0.20218777656555176,
            "0_select": 0.018991947174072266,
            "1_rename": 0.018007278442382812,
            "2_join": 0.02708601951599121,
            "3_join": 0.025678396224975586,
            "4_aggregate_override": 0.028005361557006836,
            "5_select": 0.02226567268371582
        },
        "create_base_documents": {
            "overall": 0.29817628860473633,
            "0_unroll": 0.026885271072387695,
            "1_select": 0.03215932846069336,
            "2_rename": 0.040518999099731445,
            "3_join": 0.03500032424926758,
            "4_aggregate_override": 0.022325754165649414,
            "5_join": 0.027065277099609375,
            "6_rename": 0.019906282424926758,
            "7_convert": 0.0733792781829834
        },
        "create_final_documents": {
            "overall": 0.040770530700683594,
            "0_rename": 0.020009517669677734
        }
    }
}