{
    "total_runtime": 152.03675532341003,
    "num_documents": 19,
    "input_load_time": 0,
    "workflows": {
        "create_base_text_units": {
            "overall": 0.19600987434387207,
            "0_orderby": 0.0029993057250976562,
            "1_zip": 0.003000497817993164,
            "2_aggregate_override": 0.003991603851318359,
            "3_chunk": 0.14499115943908691,
            "4_select": 0.0029997825622558594,
            "5_unroll": 0.005000114440917969,
            "6_rename": 0.0039997100830078125,
            "7_genid": 0.0029997825622558594,
            "8_unzip": 0.004000425338745117,
            "9_copy": 0.0050013065338134766,
            "10_filter": 0.01401209831237793
        },
        "create_base_extracted_entities": {
            "overall": 93.00792121887207,
            "0_entity_extract": 92.98392176628113,
            "1_merge_graphs": 0.018999576568603516
        },
        "create_summarized_entities": {
            "overall": 4.624496221542358,
            "0_summarize_descriptions": 4.607894659042358
        },
        "create_base_entity_graph": {
            "overall": 0.0420069694519043,
            "0_cluster_graph": 0.03000783920288086,
            "1_select": 0.006999969482421875
        },
        "create_final_entities": {
            "overall": 1.0591564178466797,
            "0_unpack_graph": 0.010924816131591797,
            "1_rename": 0.007000446319580078,
            "2_select": 0.007006168365478516,
            "3_dedupe": 0.007004499435424805,
            "4_rename": 0.006995439529418945,
            "5_filter": 0.01900005340576172,
            "6_text_split": 0.009498834609985352,
            "7_drop": 0.007467985153198242,
            "8_merge": 0.015021800994873047,
            "9_text_embed": 0.93267822265625,
            "10_drop": 0.008011102676391602,
            "11_filter": 0.02247309684753418
        },
        "create_final_nodes": {
            "overall": 0.19400429725646973,
            "0_layout_graph": 0.03200268745422363,
            "1_unpack_graph": 0.020009994506835938,
            "2_unpack_graph": 0.014996051788330078,
            "3_drop": 0.009000301361083984,
            "4_filter": 0.025000333786010742,
            "5_select": 0.010000467300415039,
            "6_rename": 0.010009765625,
            "7_join": 0.014994621276855469,
            "8_convert": 0.03700375556945801,
            "9_rename": 0.011005401611328125
        },
        "create_final_communities": {
            "overall": 0.29204273223876953,
            "0_unpack_graph": 0.018074750900268555,
            "1_unpack_graph": 0.020931720733642578,
            "2_aggregate_override": 0.02499842643737793,
            "3_join": 0.01532745361328125,
            "4_join": 0.024026870727539062,
            "5_concat": 0.012985706329345703,
            "6_filter": 0.03778362274169922,
            "7_aggregate_override": 0.01599860191345215,
            "8_join": 0.018001556396484375,
            "9_filter": 0.03246498107910156,
            "10_fill": 0.014008522033691406,
            "11_merge": 0.01799917221069336,
            "12_copy": 0.013991594314575195,
            "13_select": 0.014008522033691406
        },
        "join_text_units_to_entity_ids": {
            "overall": 0.06099653244018555,
            "0_select": 0.016045093536376953,
            "1_unroll": 0.01595163345336914,
            "2_aggregate_override": 0.01600193977355957
        },
        "create_final_relationships": {
            "overall": 0.2070150375366211,
            "0_unpack_graph": 0.019997596740722656,
            "1_filter": 0.032991886138916016,
            "2_rename": 0.020011186599731445,
            "3_filter": 0.03399658203125,
            "4_drop": 0.016000032424926758,
            "5_compute_edge_combined_degree": 0.019992351531982422,
            "6_convert": 0.033003807067871094,
            "7_convert": 0.017012834548950195
        },
        "join_text_units_to_relationship_ids": {
            "overall": 0.09316182136535645,
            "0_select": 0.017000675201416016,
            "1_unroll": 0.021007776260375977,
            "2_aggregate_override": 0.019999265670776367,
            "3_select": 0.018162250518798828
        },
        "create_final_community_reports": {
            "overall": 48.47646379470825,
            "0_prepare_community_reports_nodes": 0.0189974308013916,
            "1_prepare_community_reports_edges": 0.021999835968017578,
            "2_restore_community_hierarchy": 0.02303791046142578,
            "3_prepare_community_reports": 0.06999349594116211,
            "4_create_community_reports": 48.30041861534119,
            "5_window": 0.019006013870239258
        },
        "create_final_text_units": {
            "overall": 0.15536212921142578,
            "0_select": 0.018000364303588867,
            "1_rename": 0.018773555755615234,
            "2_join": 0.03306913375854492,
            "3_join": 0.027538537979125977,
            "4_aggregate_override": 0.02100086212158203,
            "5_select": 0.0189971923828125
        },
        "create_base_documents": {
            "overall": 0.3191859722137451,
            "0_unroll": 0.020667314529418945,
            "1_select": 0.03406500816345215,
            "2_rename": 0.026465892791748047,
            "3_join": 0.03500628471374512,
            "4_aggregate_override": 0.035004377365112305,
            "5_join": 0.05254721641540527,
            "6_rename": 0.022992849349975586,
            "7_convert": 0.07342720031738281
        },
        "create_final_documents": {
            "overall": 0.05330348014831543,
            "0_rename": 0.026005029678344727
        }
    }
}