{
    "total_runtime": 38.01004099845886,
    "num_documents": 6,
    "input_load_time": 0,
    "workflows": {
        "create_base_text_units": {
            "overall": 0.21276569366455078,
            "0_orderby": 0.0027849674224853516,
            "1_zip": 0.0030655860900878906,
            "2_aggregate_override": 0.0049440860748291016,
            "3_chunk": 0.1615452766418457,
            "4_select": 0.004996776580810547,
            "5_unroll": 0.003999948501586914,
            "6_rename": 0.0035696029663085938,
            "7_genid": 0.004799842834472656,
            "8_unzip": 0.004000425338745117,
            "9_copy": 0.003998756408691406,
            "10_filter": 0.013059616088867188
        },
        "create_base_extracted_entities": {
            "overall": 0.11000990867614746,
            "0_entity_extract": 0.08200240135192871,
            "1_merge_graphs": 0.023998260498046875
        },
        "create_summarized_entities": {
            "overall": 3.1619935035705566,
            "0_summarize_descriptions": 3.156984567642212
        },
        "create_base_entity_graph": {
            "overall": 0.06618785858154297,
            "0_cluster_graph": 0.05529904365539551,
            "1_select": 0.0058901309967041016
        },
        "create_final_entities": {
            "overall": 1.2213842868804932,
            "0_unpack_graph": 0.018999576568603516,
            "1_rename": 0.006991863250732422,
            "2_select": 0.006008148193359375,
            "3_dedupe": 0.007164716720581055,
            "4_rename": 0.006844520568847656,
            "5_filter": 0.016729354858398438,
            "6_text_split": 0.009085655212402344,
            "7_drop": 0.008279085159301758,
            "8_merge": 0.03200244903564453,
            "9_text_embed": 1.0743143558502197,
            "10_drop": 0.008988142013549805,
            "11_filter": 0.020008563995361328
        },
        "create_final_nodes": {
            "overall": 0.25179195404052734,
            "0_layout_graph": 0.07154202461242676,
            "1_unpack_graph": 0.027054309844970703,
            "2_unpack_graph": 0.02908921241760254,
            "3_drop": 0.009999990463256836,
            "4_filter": 0.024771690368652344,
            "5_select": 0.010329008102416992,
            "6_rename": 0.011004447937011719,
            "7_join": 0.016071796417236328,
            "8_convert": 0.03393268585205078,
            "9_rename": 0.009999275207519531
        },
        "create_final_communities": {
            "overall": 0.27414703369140625,
            "0_unpack_graph": 0.024137020111083984,
            "1_unpack_graph": 0.024007081985473633,
            "2_aggregate_override": 0.013056278228759766,
            "3_join": 0.016004323959350586,
            "4_join": 0.015060663223266602,
            "5_concat": 0.011490345001220703,
            "6_filter": 0.04300808906555176,
            "7_aggregate_override": 0.01725602149963379,
            "8_join": 0.016004085540771484,
            "9_filter": 0.03011155128479004,
            "10_fill": 0.011942148208618164,
            "11_merge": 0.016994237899780273,
            "12_copy": 0.012089014053344727,
            "13_select": 0.013992786407470703
        },
        "join_text_units_to_entity_ids": {
            "overall": 0.05712461471557617,
            "0_select": 0.013123512268066406,
            "1_unroll": 0.01501917839050293,
            "2_aggregate_override": 0.01600027084350586
        },
        "create_final_relationships": {
            "overall": 0.20943021774291992,
            "0_unpack_graph": 0.027425765991210938,
            "1_filter": 0.035065412521362305,
            "2_rename": 0.01491689682006836,
            "3_filter": 0.03606772422790527,
            "4_drop": 0.015932798385620117,
            "5_compute_edge_combined_degree": 0.019003868103027344,
            "6_convert": 0.03300166130065918,
            "7_convert": 0.015002012252807617
        },
        "join_text_units_to_relationship_ids": {
            "overall": 0.08575940132141113,
            "0_select": 0.017006397247314453,
            "1_unroll": 0.018007278442382812,
            "2_aggregate_override": 0.017992258071899414,
            "3_select": 0.015000104904174805
        },
        "create_final_community_reports": {
            "overall": 29.050209522247314,
            "0_prepare_community_reports_nodes": 0.01984262466430664,
            "1_prepare_community_reports_edges": 0.018589019775390625,
            "2_restore_community_hierarchy": 0.022938013076782227,
            "3_prepare_community_reports": 0.08999276161193848,
            "4_create_community_reports": 28.863832473754883,
            "5_window": 0.019010066986083984
        },
        "create_final_text_units": {
            "overall": 0.1469566822052002,
            "0_select": 0.017824411392211914,
            "1_rename": 0.020000934600830078,
            "2_join": 0.02200007438659668,
            "3_join": 0.024935007095336914,
            "4_aggregate_override": 0.023007631301879883,
            "5_select": 0.020996809005737305
        },
        "create_base_documents": {
            "overall": 0.24109983444213867,
            "0_unroll": 0.0211944580078125,
            "1_select": 0.020431041717529297,
            "2_rename": 0.02040696144104004,
            "3_join": 0.024578571319580078,
            "4_aggregate_override": 0.022613048553466797,
            "5_join": 0.023947954177856445,
            "6_rename": 0.022002458572387695,
            "7_convert": 0.06502628326416016
        },
        "create_final_documents": {
            "overall": 0.04300808906555176,
            "0_rename": 0.021008014678955078
        }
    }
}