{
    "total_runtime": 109.40562582015991,
    "num_documents": 10,
    "input_load_time": 0,
    "workflows": {
        "create_base_text_units": {
            "overall": 0.22144007682800293,
            "0_orderby": 0.0029883384704589844,
            "1_zip": 0.0030722618103027344,
            "2_aggregate_override": 0.003940105438232422,
            "3_chunk": 0.17095303535461426,
            "4_select": 0.0037298202514648438,
            "5_unroll": 0.00416111946105957,
            "6_rename": 0.0029990673065185547,
            "7_genid": 0.0065844058990478516,
            "8_unzip": 0.0044939517974853516,
            "9_copy": 0.0034122467041015625,
            "10_filter": 0.01334524154663086
        },
        "create_base_extracted_entities": {
            "overall": 63.272260904312134,
            "0_entity_extract": 63.228121280670166,
            "1_merge_graphs": 0.03914022445678711
        },
        "create_summarized_entities": {
            "overall": 4.115906476974487,
            "0_summarize_descriptions": 4.109976291656494
        },
        "create_base_entity_graph": {
            "overall": 0.15206623077392578,
            "0_cluster_graph": 0.13995742797851562,
            "1_select": 0.006134748458862305
        },
        "create_final_entities": {
            "overall": 1.5119781494140625,
            "0_unpack_graph": 0.04806208610534668,
            "1_rename": 0.006543159484863281,
            "2_select": 0.007185697555541992,
            "3_dedupe": 0.0071179866790771484,
            "4_rename": 0.00647735595703125,
            "5_filter": 0.018825769424438477,
            "6_text_split": 0.012015581130981445,
            "7_drop": 0.007025241851806641,
            "8_merge": 0.0601046085357666,
            "9_text_embed": 1.3004875183105469,
            "10_drop": 0.008002996444702148,
            "11_filter": 0.02371668815612793
        },
        "create_final_nodes": {
            "overall": 0.5721838474273682,
            "0_layout_graph": 0.17523431777954102,
            "1_unpack_graph": 0.05465865135192871,
            "2_unpack_graph": 0.21007752418518066,
            "3_filter": 0.03219270706176758,
            "4_drop": 0.011120796203613281,
            "5_select": 0.008783817291259766,
            "6_rename": 0.011657476425170898,
            "7_convert": 0.033132076263427734,
            "8_join": 0.016043663024902344,
            "9_rename": 0.011253833770751953
        },
        "create_final_communities": {
            "overall": 0.3899648189544678,
            "0_unpack_graph": 0.059758663177490234,
            "1_unpack_graph": 0.05037403106689453,
            "2_aggregate_override": 0.012843847274780273,
            "3_join": 0.018184185028076172,
            "4_join": 0.0168759822845459,
            "5_concat": 0.011506080627441406,
            "6_filter": 0.09087276458740234,
            "7_aggregate_override": 0.01719379425048828,
            "8_join": 0.015476703643798828,
            "9_filter": 0.02875041961669922,
            "10_fill": 0.01260828971862793,
            "11_merge": 0.018331289291381836,
            "12_copy": 0.012516260147094727,
            "13_select": 0.014027595520019531
        },
        "join_text_units_to_entity_ids": {
            "overall": 0.058637380599975586,
            "0_select": 0.013168573379516602,
            "1_unroll": 0.015537023544311523,
            "2_aggregate_override": 0.01650691032409668
        },
        "create_final_relationships": {
            "overall": 0.2620270252227783,
            "0_unpack_graph": 0.05238676071166992,
            "1_filter": 0.0429377555847168,
            "2_rename": 0.02687358856201172,
            "3_filter": 0.04293394088745117,
            "4_drop": 0.015226364135742188,
            "5_compute_edge_combined_degree": 0.020092010498046875,
            "6_convert": 0.03199481964111328,
            "7_convert": 0.0160672664642334
        },
        "join_text_units_to_relationship_ids": {
            "overall": 0.0840909481048584,
            "0_select": 0.015564203262329102,
            "1_unroll": 0.01724696159362793,
            "2_aggregate_override": 0.01871204376220703,
            "3_select": 0.016963481903076172
        },
        "create_final_community_reports": {
            "overall": 35.321223735809326,
            "0_prepare_community_reports_nodes": 0.027631521224975586,
            "1_prepare_community_reports_edges": 0.02128458023071289,
            "2_restore_community_hierarchy": 0.022881507873535156,
            "3_prepare_community_reports": 0.1721193790435791,
            "4_create_community_reports": 35.041725158691406,
            "5_window": 0.018020153045654297
        },
        "create_final_text_units": {
            "overall": 0.14420557022094727,
            "0_select": 0.016641616821289062,
            "1_rename": 0.01820826530456543,
            "2_join": 0.02390265464782715,
            "3_join": 0.02428436279296875,
            "4_aggregate_override": 0.021591901779174805,
            "5_select": 0.02031731605529785
        },
        "create_base_documents": {
            "overall": 0.24884843826293945,
            "0_unroll": 0.02318096160888672,
            "1_select": 0.021344423294067383,
            "2_rename": 0.022184371948242188,
            "3_join": 0.024225711822509766,
            "4_aggregate_override": 0.02172708511352539,
            "5_join": 0.025638341903686523,
            "6_rename": 0.021172523498535156,
            "7_convert": 0.06920242309570312
        },
        "create_final_documents": {
            "overall": 0.04491853713989258,
            "0_rename": 0.022774457931518555
        }
    }
}