{
    "total_runtime": 4.769036769866943,
    "num_documents": 1,
    "input_load_time": 0,
    "workflows": {
        "create_base_text_units": {
            "overall": 0.22990870475769043,
            "0_orderby": 0.0036439895629882812,
            "1_zip": 0.0020084381103515625,
            "2_aggregate_override": 0.007682085037231445,
            "3_chunk": 0.15956354141235352,
            "4_select": 0.003665447235107422,
            "5_unroll": 0.007163524627685547,
            "6_rename": 0.0025060176849365234,
            "7_genid": 0.0030035972595214844,
            "8_unzip": 0.0055217742919921875,
            "9_copy": 0.0034635066986083984,
            "10_filter": 0.028446197509765625
        },
        "create_base_extracted_entities": {
            "overall": 0.06200075149536133,
            "0_entity_extract": 0.04666733741760254,
            "1_merge_graphs": 0.011229515075683594
        },
        "create_summarized_entities": {
            "overall": 0.04679393768310547,
            "0_summarize_descriptions": 0.04313039779663086
        },
        "create_base_entity_graph": {
            "overall": 0.03892827033996582,
            "0_cluster_graph": 0.026907920837402344,
            "1_select": 0.00751495361328125
        },
        "create_final_entities": {
            "overall": 0.18530917167663574,
            "0_unpack_graph": 0.010527849197387695,
            "1_rename": 0.005983829498291016,
            "2_select": 0.005936145782470703,
            "3_dedupe": 0.014973163604736328,
            "4_rename": 0.006006956100463867,
            "5_filter": 0.017314910888671875,
            "6_text_split": 0.00829315185546875,
            "7_drop": 0.007898569107055664,
            "8_merge": 0.014490127563476562,
            "9_text_embed": 0.06029462814331055,
            "10_drop": 0.0075376033782958984,
            "11_filter": 0.020576000213623047
        },
        "create_final_nodes": {
            "overall": 0.17712068557739258,
            "0_layout_graph": 0.02496337890625,
            "1_unpack_graph": 0.01379251480102539,
            "2_unpack_graph": 0.013644218444824219,
            "3_drop": 0.008403301239013672,
            "4_filter": 0.020315885543823242,
            "5_select": 0.009699106216430664,
            "6_rename": 0.009503364562988281,
            "7_convert": 0.04077005386352539,
            "8_join": 0.01755690574645996,
            "9_rename": 0.010023355484008789
        },
        "create_final_communities": {
            "overall": 0.24619317054748535,
            "0_unpack_graph": 0.022467374801635742,
            "1_unpack_graph": 0.014347314834594727,
            "2_aggregate_override": 0.013516426086425781,
            "3_join": 0.015933752059936523,
            "4_join": 0.01665520668029785,
            "5_concat": 0.010881662368774414,
            "6_filter": 0.030379056930541992,
            "7_aggregate_override": 0.014539957046508789,
            "8_join": 0.016738176345825195,
            "9_filter": 0.02775096893310547,
            "10_fill": 0.012058019638061523,
            "11_merge": 0.01342153549194336,
            "12_copy": 0.013507366180419922,
            "13_select": 0.013878107070922852
        },
        "join_text_units_to_entity_ids": {
            "overall": 0.055052995681762695,
            "0_select": 0.013025283813476562,
            "1_unroll": 0.013508081436157227,
            "2_aggregate_override": 0.015580892562866211
        },
        "create_final_relationships": {
            "overall": 0.1952378749847412,
            "0_unpack_graph": 0.01694631576538086,
            "1_filter": 0.03088545799255371,
            "2_rename": 0.013532161712646484,
            "3_filter": 0.03365349769592285,
            "4_drop": 0.015103816986083984,
            "5_compute_edge_combined_degree": 0.02487325668334961,
            "6_convert": 0.030927419662475586,
            "7_convert": 0.015953540802001953
        },
        "join_text_units_to_relationship_ids": {
            "overall": 0.07876110076904297,
            "0_select": 0.0146636962890625,
            "1_unroll": 0.017049551010131836,
            "2_aggregate_override": 0.017028093338012695,
            "3_select": 0.01604461669921875
        },
        "create_final_community_reports": {
            "overall": 0.20984315872192383,
            "0_prepare_community_reports_nodes": 0.019048452377319336,
            "1_prepare_community_reports_edges": 0.019021034240722656,
            "2_restore_community_hierarchy": 0.021065711975097656,
            "3_prepare_community_reports": 0.06712675094604492,
            "4_create_community_reports": 0.04793500900268555,
            "5_window": 0.01855778694152832
        },
        "create_final_text_units": {
            "overall": 0.14552593231201172,
            "0_select": 0.019040822982788086,
            "1_rename": 0.018531322479248047,
            "2_join": 0.023066043853759766,
            "3_join": 0.02503657341003418,
            "4_aggregate_override": 0.021723270416259766,
            "5_select": 0.020047664642333984
        },
        "create_base_documents": {
            "overall": 0.22224950790405273,
            "0_unroll": 0.021062612533569336,
            "1_select": 0.019932031631469727,
            "2_rename": 0.021144390106201172,
            "3_join": 0.023067712783813477,
            "4_aggregate_override": 0.022625207901000977,
            "5_join": 0.03077244758605957,
            "6_rename": 0.021065711975097656,
            "7_convert": 0.04264712333679199
        },
        "create_final_documents": {
            "overall": 0.039789438247680664,
            "0_rename": 0.020022153854370117
        }
    }
}