{
    "total_runtime": 81.33368945121765,
    "num_documents": 18,
    "input_load_time": 0,
    "workflows": {
        "create_base_text_units": {
            "overall": 0.3266153335571289,
            "0_orderby": 0.003183603286743164,
            "1_zip": 0.0041234493255615234,
            "2_aggregate_override": 0.006002187728881836,
            "3_chunk": 0.2632904052734375,
            "4_select": 0.004006862640380859,
            "5_unroll": 0.004000425338745117,
            "6_rename": 0.0029993057250976562,
            "7_genid": 0.00499272346496582,
            "8_unzip": 0.005007743835449219,
            "9_copy": 0.013995647430419922,
            "10_filter": 0.013004779815673828
        },
        "create_base_extracted_entities": {
            "overall": 18.570846557617188,
            "0_entity_extract": 18.49685573577881,
            "1_merge_graphs": 0.06999683380126953
        },
        "create_summarized_entities": {
            "overall": 5.010701417922974,
            "0_summarize_descriptions": 5.004701614379883
        },
        "create_base_entity_graph": {
            "overall": 0.387359619140625,
            "0_cluster_graph": 0.36339759826660156,
            "1_select": 0.006000995635986328
        },
        "create_final_entities": {
            "overall": 2.3193464279174805,
            "0_unpack_graph": 0.07899928092956543,
            "1_rename": 0.0060100555419921875,
            "2_select": 0.005991220474243164,
            "3_dedupe": 0.006074666976928711,
            "4_rename": 0.006015777587890625,
            "5_filter": 0.0475924015045166,
            "6_text_split": 0.024930477142333984,
            "7_drop": 0.017438650131225586,
            "8_merge": 0.10874795913696289,
            "9_text_embed": 1.9574942588806152,
            "10_drop": 0.012922286987304688,
            "11_filter": 0.04213213920593262
        },
        "create_final_nodes": {
            "overall": 1.2489948272705078,
            "0_layout_graph": 0.6671154499053955,
            "1_unpack_graph": 0.09387040138244629,
            "2_unpack_graph": 0.31790828704833984,
            "3_drop": 0.00899648666381836,
            "4_filter": 0.042205095291137695,
            "5_select": 0.010918140411376953,
            "6_rename": 0.00900721549987793,
            "7_join": 0.02300238609313965,
            "8_convert": 0.04334092140197754,
            "9_rename": 0.011002063751220703
        },
        "create_final_communities": {
            "overall": 0.7539188861846924,
            "0_unpack_graph": 0.08224081993103027,
            "1_unpack_graph": 0.09870481491088867,
            "2_aggregate_override": 0.02355337142944336,
            "3_join": 0.036049604415893555,
            "4_join": 0.02266407012939453,
            "5_concat": 0.014132976531982422,
            "6_filter": 0.291595458984375,
            "7_aggregate_override": 0.0199892520904541,
            "8_join": 0.028998136520385742,
            "9_filter": 0.05478358268737793,
            "10_fill": 0.013001441955566406,
            "11_merge": 0.029059648513793945,
            "12_copy": 0.012938737869262695,
            "13_select": 0.015187740325927734
        },
        "join_text_units_to_entity_ids": {
            "overall": 0.08340191841125488,
            "0_select": 0.027677297592163086,
            "1_unroll": 0.021979570388793945,
            "2_aggregate_override": 0.01895284652709961
        },
        "create_final_relationships": {
            "overall": 0.40724992752075195,
            "0_unpack_graph": 0.1320042610168457,
            "1_filter": 0.05011582374572754,
            "2_rename": 0.017004728317260742,
            "3_filter": 0.06600117683410645,
            "4_drop": 0.03542518615722656,
            "5_compute_edge_combined_degree": 0.028997182846069336,
            "6_convert": 0.045760393142700195,
            "7_convert": 0.01794576644897461
        },
        "join_text_units_to_relationship_ids": {
            "overall": 0.10816597938537598,
            "0_select": 0.027835845947265625,
            "1_unroll": 0.01815342903137207,
            "2_aggregate_override": 0.025701284408569336,
            "3_select": 0.02193427085876465
        },
        "create_final_community_reports": {
            "overall": 47.91354846954346,
            "0_prepare_community_reports_nodes": 0.0598907470703125,
            "1_prepare_community_reports_edges": 0.024997949600219727,
            "2_restore_community_hierarchy": 0.037615060806274414,
            "3_prepare_community_reports": 0.4050781726837158,
            "4_create_community_reports": 47.35086750984192,
            "5_window": 0.017991304397583008
        },
        "create_final_text_units": {
            "overall": 0.1690831184387207,
            "0_select": 0.018976211547851562,
            "1_rename": 0.028940916061401367,
            "2_join": 0.02400517463684082,
            "3_join": 0.029085397720336914,
            "4_aggregate_override": 0.025003671646118164,
            "5_select": 0.022991180419921875
        },
        "create_base_documents": {
            "overall": 0.3640756607055664,
            "0_unroll": 0.018771886825561523,
            "1_select": 0.045111894607543945,
            "2_rename": 0.018549442291259766,
            "3_join": 0.026006221771240234,
            "4_aggregate_override": 0.02606678009033203,
            "5_join": 0.043932199478149414,
            "6_rename": 0.03307700157165527,
            "7_convert": 0.13469386100769043
        },
        "create_final_documents": {
            "overall": 0.0687875747680664,
            "0_rename": 0.03554344177246094
        }
    }
}