{
    "total_runtime": 142.96019291877747,
    "num_documents": 1,
    "input_load_time": 0,
    "workflows": {
        "create_base_text_units": {
            "overall": 0.23237133026123047,
            "0_orderby": 0.002999544143676758,
            "1_zip": 0.0026845932006835938,
            "2_aggregate_override": 0.004998445510864258,
            "3_chunk": 0.18068289756774902,
            "4_select": 0.003997087478637695,
            "5_unroll": 0.0050008296966552734,
            "6_rename": 0.003008127212524414,
            "7_genid": 0.005999565124511719,
            "8_unzip": 0.004995584487915039,
            "9_copy": 0.003004312515258789,
            "10_filter": 0.01300048828125
        },
        "create_base_extracted_entities": {
            "overall": 142.15270018577576,
            "0_entity_extract": 142.14019179344177,
            "1_merge_graphs": 0.007998228073120117
        },
        "create_summarized_entities": {
            "overall": 0.011999845504760742,
            "0_summarize_descriptions": 0.008000850677490234
        }
    }
}