{
    "total_runtime": 107.89001822471619,
    "num_documents": 11,
    "input_load_time": 0,
    "workflows": {
        "create_base_text_units": {
            "overall": 0.2839510440826416,
            "0_orderby": 0.00950765609741211,
            "1_zip": 0.004001140594482422,
            "2_aggregate_override": 0.011414289474487305,
            "3_chunk": 0.19286346435546875,
            "4_select": 0.0042572021484375,
            "5_unroll": 0.008017778396606445,
            "6_rename": 0.003997325897216797,
            "7_genid": 0.004998683929443359,
            "8_unzip": 0.004994392395019531,
            "9_copy": 0.003998279571533203,
            "10_filter": 0.03390812873840332
        },
        "create_base_extracted_entities": {
            "overall": 62.54924774169922,
            "0_entity_extract": 62.50925159454346,
            "1_merge_graphs": 0.03599715232849121
        },
        "create_summarized_entities": {
            "overall": 2.4252965450286865,
            "0_summarize_descriptions": 2.4201834201812744
        },
        "create_base_entity_graph": {
            "overall": 0.13382935523986816,
            "0_cluster_graph": 0.12222409248352051,
            "1_select": 0.005606651306152344
        },
        "create_final_entities": {
            "overall": 1.3774709701538086,
            "0_unpack_graph": 0.040006399154663086,
            "1_rename": 0.00699305534362793,
            "2_select": 0.006925106048583984,
            "3_dedupe": 0.007515430450439453,
            "4_rename": 0.006991863250732422,
            "5_filter": 0.018033266067504883,
            "6_text_split": 0.011004209518432617,
            "7_drop": 0.0064542293548583984,
            "8_merge": 0.04900050163269043,
            "9_text_embed": 1.1903910636901855,
            "10_drop": 0.007999420166015625,
            "11_filter": 0.020579099655151367
        },
        "create_final_nodes": {
            "overall": 0.5608139038085938,
            "0_layout_graph": 0.15759587287902832,
            "1_unpack_graph": 0.048012495040893555,
            "2_unpack_graph": 0.21107172966003418,
            "3_filter": 0.028738737106323242,
            "4_drop": 0.008998632431030273,
            "5_select": 0.010811567306518555,
            "6_rename": 0.010009050369262695,
            "7_convert": 0.04506635665893555,
            "8_join": 0.020551443099975586,
            "9_rename": 0.010959386825561523
        },
        "create_final_communities": {
            "overall": 0.3730037212371826,
            "0_unpack_graph": 0.04600691795349121,
            "1_unpack_graph": 0.04302167892456055,
            "2_aggregate_override": 0.01692342758178711,
            "3_join": 0.018850326538085938,
            "4_join": 0.016000032424926758,
            "5_concat": 0.011043548583984375,
            "6_filter": 0.0840902328491211,
            "7_aggregate_override": 0.017242431640625,
            "8_join": 0.015672683715820312,
            "9_filter": 0.040087223052978516,
            "10_fill": 0.011997699737548828,
            "11_merge": 0.01700115203857422,
            "12_copy": 0.013048648834228516,
            "13_select": 0.01200413703918457
        },
        "join_text_units_to_entity_ids": {
            "overall": 0.058449506759643555,
            "0_select": 0.013786077499389648,
            "1_unroll": 0.01501154899597168,
            "2_aggregate_override": 0.01643657684326172
        },
        "create_final_relationships": {
            "overall": 0.24155402183532715,
            "0_unpack_graph": 0.04798269271850586,
            "1_filter": 0.03876185417175293,
            "2_rename": 0.01626420021057129,
            "3_filter": 0.038163185119628906,
            "4_drop": 0.014760255813598633,
            "5_compute_edge_combined_degree": 0.025675296783447266,
            "6_convert": 0.03193521499633789,
            "7_convert": 0.015003204345703125
        },
        "join_text_units_to_relationship_ids": {
            "overall": 0.08599185943603516,
            "0_select": 0.017072200775146484,
            "1_unroll": 0.016927719116210938,
            "2_aggregate_override": 0.018999338150024414,
            "3_select": 0.016999244689941406
        },
        "create_final_community_reports": {
            "overall": 36.04428172111511,
            "0_prepare_community_reports_nodes": 0.02599954605102539,
            "1_prepare_community_reports_edges": 0.021253585815429688,
            "2_restore_community_hierarchy": 0.02200174331665039,
            "3_prepare_community_reports": 0.16052532196044922,
            "4_create_community_reports": 35.779486656188965,
            "5_window": 0.01800537109375
        },
        "create_final_text_units": {
            "overall": 0.16551542282104492,
            "0_select": 0.018007278442382812,
            "1_rename": 0.018509626388549805,
            "2_join": 0.024007558822631836,
            "3_join": 0.025000572204589844,
            "4_aggregate_override": 0.023066282272338867,
            "5_select": 0.029928207397460938
        },
        "create_base_documents": {
            "overall": 0.33721089363098145,
            "0_unroll": 0.02000713348388672,
            "1_select": 0.025992155075073242,
            "2_rename": 0.022060632705688477,
            "3_join": 0.042981863021850586,
            "4_aggregate_override": 0.027997493743896484,
            "5_join": 0.05695366859436035,
            "6_rename": 0.03798985481262207,
            "7_convert": 0.0712895393371582
        },
        "create_final_documents": {
            "overall": 0.058907508850097656,
            "0_rename": 0.026999950408935547
        }
    }
}