{
    "total_runtime": 33.726253509521484,
    "num_documents": 3,
    "input_load_time": 0,
    "workflows": {
        "create_base_text_units": {
            "overall": 0.19730854034423828,
            "0_orderby": 0.0019991397857666016,
            "1_zip": 0.002526521682739258,
            "2_aggregate_override": 0.0049021244049072266,
            "3_chunk": 0.14652109146118164,
            "4_select": 0.0031578540802001953,
            "5_unroll": 0.004073381423950195,
            "6_rename": 0.003933429718017578,
            "7_genid": 0.006566524505615234,
            "8_unzip": 0.0051953792572021484,
            "9_copy": 0.002995014190673828,
            "10_filter": 0.012542009353637695
        },
        "create_base_extracted_entities": {
            "overall": 0.08221817016601562,
            "0_entity_extract": 0.06181526184082031,
            "1_merge_graphs": 0.016068220138549805
        },
        "create_summarized_entities": {
            "overall": 2.9916810989379883,
            "0_summarize_descriptions": 2.9876797199249268
        },
        "create_base_entity_graph": {
            "overall": 0.05487775802612305,
            "0_cluster_graph": 0.04283308982849121,
            "1_select": 0.0069849491119384766
        },
        "create_final_entities": {
            "overall": 1.1330604553222656,
            "0_unpack_graph": 0.015071630477905273,
            "1_rename": 0.006523609161376953,
            "2_select": 0.008003950119018555,
            "3_dedupe": 0.006540060043334961,
            "4_rename": 0.007535457611083984,
            "5_filter": 0.016138792037963867,
            "6_text_split": 0.01051473617553711,
            "7_drop": 0.007518768310546875,
            "8_merge": 0.02209615707397461,
            "9_text_embed": 0.9998211860656738,
            "10_drop": 0.00853586196899414,
            "11_filter": 0.018761157989501953
        },
        "create_final_nodes": {
            "overall": 0.19465136528015137,
            "0_layout_graph": 0.042731523513793945,
            "1_unpack_graph": 0.01756000518798828,
            "2_unpack_graph": 0.01688671112060547,
            "3_drop": 0.009775400161743164,
            "4_filter": 0.021562576293945312,
            "5_select": 0.009531974792480469,
            "6_rename": 0.008510351181030273,
            "7_join": 0.014016151428222656,
            "8_convert": 0.034900665283203125,
            "9_rename": 0.009736776351928711
        },
        "create_final_communities": {
            "overall": 0.27447962760925293,
            "0_unpack_graph": 0.0182950496673584,
            "1_unpack_graph": 0.030942678451538086,
            "2_aggregate_override": 0.015909194946289062,
            "3_join": 0.01507878303527832,
            "4_join": 0.01526331901550293,
            "5_concat": 0.011521100997924805,
            "6_filter": 0.041075706481933594,
            "7_aggregate_override": 0.017531871795654297,
            "8_join": 0.016649961471557617,
            "9_filter": 0.027985811233520508,
            "10_fill": 0.012501001358032227,
            "11_merge": 0.015223026275634766,
            "12_copy": 0.013181686401367188,
            "13_select": 0.013548851013183594
        },
        "join_text_units_to_entity_ids": {
            "overall": 0.06470537185668945,
            "0_select": 0.01452326774597168,
            "1_unroll": 0.014142751693725586,
            "2_aggregate_override": 0.0229647159576416
        },
        "create_final_relationships": {
            "overall": 0.2008500099182129,
            "0_unpack_graph": 0.021019697189331055,
            "1_filter": 0.03305315971374512,
            "2_rename": 0.015041112899780273,
            "3_filter": 0.03405594825744629,
            "4_drop": 0.016364574432373047,
            "5_compute_edge_combined_degree": 0.018049240112304688,
            "6_convert": 0.03271222114562988,
            "7_convert": 0.016057491302490234
        },
        "join_text_units_to_relationship_ids": {
            "overall": 0.08326196670532227,
            "0_select": 0.016086578369140625,
            "1_unroll": 0.016975879669189453,
            "2_aggregate_override": 0.016994476318359375,
            "3_select": 0.017166614532470703
        },
        "create_final_community_reports": {
            "overall": 25.109282732009888,
            "0_prepare_community_reports_nodes": 0.01953864097595215,
            "1_prepare_community_reports_edges": 0.018437862396240234,
            "2_restore_community_hierarchy": 0.019756078720092773,
            "3_prepare_community_reports": 0.0699317455291748,
            "4_create_community_reports": 24.946505069732666,
            "5_window": 0.019414663314819336
        },
        "create_final_text_units": {
            "overall": 0.15829157829284668,
            "0_select": 0.018263578414916992,
            "1_rename": 0.018923044204711914,
            "2_join": 0.02942037582397461,
            "3_join": 0.03558540344238281,
            "4_aggregate_override": 0.019948959350585938,
            "5_select": 0.019617080688476562
        },
        "create_base_documents": {
            "overall": 0.23244619369506836,
            "0_unroll": 0.018848180770874023,
            "1_select": 0.01941704750061035,
            "2_rename": 0.021215200424194336,
            "3_join": 0.02252674102783203,
            "4_aggregate_override": 0.021018028259277344,
            "5_join": 0.025989055633544922,
            "6_rename": 0.020415306091308594,
            "7_convert": 0.0635221004486084
        },
        "create_final_documents": {
            "overall": 0.03914070129394531,
            "0_rename": 0.0200653076171875
        }
    }
}